B06012_001E,B06012_002E,state,county
18052.0,4560.0,29,229
230030.0,20867.0,29,047
15300.0,3426.0,29,065
21873.0,3748.0,29,195
2004.0,262.0,29,227
9923.0,1975.0,29,079
19790.0,4798.0,29,141
6339.0,1245.0,29,179
979867.0,100613.0,29,189
30785.0,4139.0,29,209
35253.0,7876.0,29,009
163378.0,31461.0,29,019
71679.0,9067.0,29,051
24089.0,5166.0,29,055
9734.0,2124.0,29,093
13801.0,2463.0,29,117
14453.0,1779.0,29,135
17293.0,5036.0,29,155
41320.0,7000.0,29,159
8118.0,1831.0,29,203
22813.0,4025.0,29,175
30499.0,8355.0,29,069
100811.0,12057.0,29,071
9455.0,1719.0,29,089
672363.0,115709.0,29,095
24671.0,4763.0,29,131
4805.0,900.0,29,171
52030.0,9264.0,29,213
85261.0,15652.0,29,021
8760.0,1153.0,29,025
99907.0,9330.0,29,037
19874.0,1887.0,29,049
16292.0,2970.0,29,059
9105.0,2295.0,29,085
53492.0,7358.0,29,113
8506.0,1333.0,29,137
57718.0,8294.0,29,145
16138.0,2447.0,29,163
372238.0,22765.0,29,183
74813.0,13236.0,29,031
5895.0,928.0,29,205
35944.0,6737.0,29,225
5270.0,635.0,29,005
16091.0,2623.0,29,013
18513.0,3581.0,29,015
6180.0,1275.0,29,035
7394.0,1520.0,29,057
12202.0,2241.0,29,115
39509.0,8980.0,29,091
49473.0,8426.0,29,101
34902.0,6698.0,29,105
8874.0,1675.0,29,125
41777.0,8620.0,29,161
94009.0,6689.0,29,165
59208.0,9955.0,29,187
306572.0,81916.0,29,510
17050.0,1568.0,29,003
41892.0,9053.0,29,023
8828.0,1632.0,29,033
438208.0,35924.0,51,810
15562.0,2847.0,51,005
6569.0,1642.0,51,640
17462.0,1940.0,51,193
12253.0,1343.0,51,133
33275.0,4491.0,51,155
37901.0,3937.0,51,187
40584.0,9135.0,51,590
25295.0,4194.0,51,630
31248.0,4405.0,51,009
4454.0,373.0,51,017
21987.0,4509.0,51,670
172600.0,27776.0,51,700
81043.0,4800.0,51,069
68212.0,16598.0,51,680
65733.0,4052.0,51,199
13098.0,3159.0,51,690
14603.0,2125.0,51,125
61386.0,9254.0,51,143
6146.0,1694.0,51,530
13552.0,365.0,51,610
31308.0,9191.0,51,730
12016.0,563.0,51,735
22969.0,1415.0,51,600
20975.0,3351.0,51,820
97230.0,21610.0,51,770
86075.0,9914.0,51,800
220103.0,46307.0,51,710
326964.0,24148.0,51,041
1123109.0,67306.0,51,059
40665.0,8637.0,53,047
40255.0,8402.0,53,037
185684.0,25797.0,53,005
446978.0,45773.0,53,011
21790.0,3154.0,53,003
18816.0,4322.0,53,001
2206.0,250.0,53,023
59666.0,10136.0,53,045
118694.0,17805.0,53,057
43300.0,7133.0,53,065
470883.0,73462.0,53,063
10178.0,1506.0,53,043
73842.0,9318.0,53,007
29449.0,3541.0,53,031
250106.0,26110.0,53,035
2050328.0,219317.0,53,033
20518.0,3829.0,53,049
12862.0,2543.0,53,051
15828.0,1749.0,53,055
11183.0,1597.0,53,059
40790.0,12246.0,53,075
243704.0,50081.0,53,077
71678.0,11273.0,53,009
101099.0,17070.0,53,015
7527.0,1771.0,53,019
74618.0,12131.0,53,041
39848.0,5330.0,53,017
77836.0,7362.0,53,029
4018.0,1214.0,13,101
81134.0,15177.0,13,127
709879.0,134830.0,13,089
28205.0,5721.0,13,143
61590.0,8330.0,13,157
15687.0,4535.0,13,163
28400.0,3888.0,13,169
7645.0,1939.0,13,181
38847.0,7315.0,13,213
191291.0,40006.0,13,215
9859.0,2342.0,13,235
16037.0,3491.0,13,241
4023.0,1666.0,13,259
10139.0,1528.0,13,281
6341.0,1184.0,13,283
7802.0,2157.0,13,287
8236.0,2270.0,13,003
17900.0,3694.0,13,001
18162.0,3846.0,13,025
16989.0,5948.0,13,017
64991.0,7700.0,13,047
23131.0,5182.0,13,055
139315.0,13225.0,13,073
92094.0,18192.0,13,115
202958.0,13024.0,13,117
24637.0,5228.0,13,147
109841.0,27436.0,13,185
20844.0,4943.0,13,199
20990.0,3727.0,13,237
28997.0,9749.0,13,261
5428.0,1432.0,13,301
3250.0,509.0,13,007
20726.0,4255.0,13,035
10614.0,3155.0,13,043
109827.0,21157.0,13,045
10300.0,3216.0,13,099
22587.0,7439.0,13,081
134707.0,16138.0,13,077
717350.0,83479.0,13,067
15063.0,2502.0,13,083
9797.0,2620.0,13,317
15458.0,3819.0,13,027
55287.0,11388.0,13,129
19075.0,3768.0,13,105
108826.0,7774.0,13,113
8964.0,2539.0,13,165
102205.0,17415.0,13,217
16381.0,3983.0,13,133
45234.0,11305.0,13,071
22555.0,3028.0,13,085
264924.0,64326.0,13,063
188250.0,33350.0,13,139
955262.0,90359.0,15,003
160142.0,15767.0,15,009
85.0,11.0,15,005
4238.0,582.0,16,071
16702.0,3705.0,16,045
9757.0,1369.0,16,085
3835.0,561.0,16,003
32002.0,12097.0,28,011
7986.0,1301.0,29,061
4418.0,614.0,29,087
27404.0,4734.0,29,127
13433.0,923.0,29,151
13842.0,3312.0,29,181
33030.0,4506.0,29,219
23613.0,4678.0,29,221
81291.0,8935.0,29,043
9140.0,1296.0,29,063
8409.0,1564.0,29,081
32086.0,3912.0,29,107
22818.0,5929.0,29,001
4749.0,781.0,29,199
6306.0,1037.0,29,211
6725.0,928.0,29,045
114592.0,20393.0,29,097
9425.0,1299.0,29,111
22383.0,4636.0,29,119
18815.0,1487.0,29,157
29731.0,5228.0,29,167
22546.0,3619.0,29,177
16027.0,3532.0,30,041
5767.0,1257.0,30,015
19054.0,3410.0,30,053
15734.0,1905.0,30,067
846.0,162.0,30,103
6498.0,1856.0,30,005
3607.0,427.0,30,097
5973.0,631.0,30,099
1392.0,255.0,30,079
13506.0,4502.0,30,035
2839.0,197.0,30,025
730.0,119.0,30,037
33723.0,6555.0,30,093
9276.0,675.0,30,095
11383.0,973.0,30,043
3156.0,456.0,30,039
2075.0,365.0,30,107
7744.0,874.0,30,057
3589.0,395.0,30,091
1261.0,160.0,30,011
13005.0,3615.0,30,003
28950.0,6206.0,30,047
64498.0,7786.0,30,049
22208.0,3382.0,41,015
1902.0,213.0,41,021
22590.0,3006.0,41,027
7263.0,1280.0,41,037
762945.0,130564.0,41,051
55489.0,5672.0,42,103
37990.0,4230.0,42,109
41386.0,5320.0,42,115
83244.0,12077.0,42,039
266721.0,44452.0,42,049
14544.0,1624.0,42,057
24469.0,2926.0,42,067
138212.0,18029.0,42,107
27278.0,2817.0,42,131
97366.0,9117.0,42,001
816169.0,103562.0,53,053
85438.0,14019.0,53,021
54448.0,8971.0,53,071
204170.0,32649.0,53,073
11630.0,1525.0,54,023
22822.0,3864.0,54,027
22400.0,2851.0,54,009
7712.0,1186.0,54,017
13832.0,1897.0,54,031
55330.0,9222.0,54,049
25363.0,6594.0,54,059
29649.0,4286.0,54,029
31571.0,4600.0,54,051
25473.0,4486.0,54,067
6735.0,899.0,54,093
8885.0,1663.0,54,095
14166.0,2870.0,54,087
16400.0,2729.0,54,091
84990.0,14747.0,54,107
6663.0,1741.0,54,021
26348.0,4970.0,54,053
13332.0,2283.0,54,063
7010.0,1187.0,54,073
92696.0,20249.0,54,011
53988.0,5884.0,54,037
34532.0,6986.0,54,045
7177.0,1307.0,54,071
67686.0,10743.0,54,033
40831.0,6626.0,54,069
7402.0,1176.0,54,013
17273.0,1962.0,54,065
74540.0,13173.0,54,081
56340.0,5546.0,54,079
16314.0,3657.0,54,001
18799.0,7076.0,54,047
40931.0,8566.0,54,099
28927.0,4315.0,54,035
23444.0,8109.0,28,133
29301.0,8905.0,28,001
169460.0,16948.0,28,033
541348.0,58737.0,42,045
71265.0,8993.0,42,111
12068.0,1978.0,29,123
20071.0,3499.0,29,217
19819.0,5046.0,29,147
7360.0,1130.0,29,041
13068.0,3003.0,29,223
38189.0,7467.0,29,201
11909.0,2722.0,29,011
13637.0,3171.0,29,039
14531.0,2074.0,29,073
15119.0,2845.0,29,121
10661.0,2809.0,29,149
17695.0,2561.0,29,186
13188.0,2704.0,29,067
21353.0,4575.0,29,083
37518.0,6803.0,29,109
43675.0,6372.0,29,169
24068.0,6301.0,29,215
40724.0,5354.0,29,027
16029.0,2137.0,29,053
6542.0,1039.0,29,075
12318.0,3752.0,29,133
9353.0,2546.0,29,153
12180.0,2881.0,29,017
3911.0,786.0,29,103
11395.0,1999.0,29,139
29083.0,4848.0,29,207
23709.0,4193.0,29,007
273653.0,51145.0,29,077
9162.0,2052.0,29,185
4307.0,951.0,29,197
43613.0,7943.0,29,029
220011.0,24089.0,29,099
17784.0,4370.0,29,143
10082.0,1268.0,29,173
11494.0,1289.0,30,017
1608.0,124.0,30,075
10979.0,2953.0,30,085
2262.0,349.0,30,051
11380.0,981.0,30,083
4430.0,747.0,30,101
1756.0,84.0,30,019
38794.0,12290.0,28,113
1981.0,249.0,30,045
8580.0,1785.0,30,023
1611.0,175.0,30,055
9207.0,1813.0,30,087
8933.0,1365.0,30,021
5646.0,471.0,30,007
4738.0,602.0,42,023
617879.0,36635.0,42,017
349404.0,45552.0,42,077
37402.0,6941.0,42,031
33627.0,5141.0,42,059
307021.0,48174.0,42,079
38803.0,5266.0,16,069
22371.0,3786.0,16,053
145863.0,18412.0,16,055
3756.0,598.0,16,061
20118.0,3584.0,16,067
79635.0,12417.0,16,083
3172544.0,444024.0,06,073
449819.0,127130.0,06,107
201542.0,38898.0,06,113
131865.0,27641.0,06,023
97760.0,11835.0,06,057
1170.0,221.0,06,003
145251.0,32043.0,06,039
86001.0,17366.0,06,045
259991.0,39211.0,06,087
12947.0,2607.0,06,105
9906013.0,1764081.0,06,037
2289086.0,376689.0,06,065
2050839.0,392195.0,06,071
1856096.0,172213.0,06,085
253100.0,20445.0,06,041
367202.0,31932.0,06,061
43259.0,9524.0,06,093
176464.0,30945.0,06,089
418688.0,53265.0,06,095
24011.0,5219.0,06,015
27541.0,5578.0,06,021
218439.0,46456.0,06,007
18363.0,2346.0,06,063
262763.0,37208.0,06,079
839619.0,194354.0,06,029
831731.0,88486.0,06,111
66772.0,8786.0,42,005
37308.0,6436.0,42,035
63230.0,7621.0,42,025
141902.0,27170.0,42,027
89064.0,12974.0,42,097
289531.0,26379.0,42,095
52262.0,7535.0,42,121
166470.0,18036.0,42,007
204825.0,31288.0,42,069
39315.0,6705.0,42,083
130280.0,24277.0,42,051
794839.0,52250.0,42,091
75401.0,11196.0,42,033
133614.0,14293.0,42,075
110490.0,15932.0,42,081
17639.0,1763.0,42,093
39648.0,5042.0,42,123
180498.0,15257.0,42,019
30657.0,2688.0,42,047
518985.0,55977.0,42,071
107052.0,14962.0,42,085
16963.0,2395.0,42,105
41040.0,5509.0,42,117
79184.0,7292.0,44,005
605420.0,104178.0,44,007
45784.0,3246.0,44,001
162435.0,28253.0,45,003
8487.0,2519.0,45,005
23723.0,4002.0,45,037
32225.0,7554.0,45,023
37181.0,7733.0,45,029
31646.0,8225.0,45,067
274252.0,37445.0,45,063
74704.0,13806.0,45,073
195416.0,25772.0,45,015
368671.0,60063.0,45,019
60188.0,11514.0,45,043
24550.0,6551.0,45,069
189850.0,30879.0,45,007
45530.0,11158.0,45,025
67182.0,16282.0,45,047
296392.0,52197.0,45,051
62678.0,9963.0,45,055
86835.0,20319.0,45,075
286108.0,48747.0,45,083
14069.0,3806.0,45,009
169824.0,21115.0,45,013
14652.0,2834.0,45,017
30849.0,9431.0,45,033
19885.0,3764.0,45,081
371217.0,61606.0,45,079
22673.0,5563.0,45,039
18780.0,3282.0,45,049
469962.0,67067.0,45,045
81634.0,14201.0,45,057
146153.0,17625.0,45,035
62108.0,9498.0,42,037
43694.0,6364.0,42,065
44963.0,3921.0,42,099
6105.0,731.0,42,113
163266.0,13400.0,44,003
120262.0,12045.0,44,009
36560.0,6828.0,45,071
32301.0,8400.0,45,027
105172.0,21063.0,45,085
21446.0,5680.0,45,011
66163.0,15241.0,45,031
241310.0,30218.0,45,091
55481.0,12593.0,45,021
26693.0,6256.0,45,053
16557.0,4666.0,45,061
24247.0,5230.0,45,001
3812.0,829.0,46,085
4235.0,448.0,46,039
5110.0,772.0,46,015
4166.0,686.0,46,053
177414.0,20543.0,46,099
3565.0,553.0,46,025
4980.0,465.0,46,077
11798.0,3223.0,46,027
5597.0,1545.0,46,041
16314.0,1451.0,46,065
2302.0,199.0,46,111
3245.0,197.0,46,059
21139.0,3055.0,46,135
17808.0,3812.0,46,005
19017.0,2283.0,46,035
1969.0,195.0,46,073
2946.0,211.0,46,117
17344.0,3513.0,28,131
8961.0,1927.0,46,023
4675.0,493.0,46,091
2956.0,400.0,46,105
9718.0,4582.0,46,121
14128.0,7622.0,46,102
170962.0,16543.0,47,165
7863.0,1043.0,47,169
7667.0,1904.0,47,027
918762.0,196471.0,47,157
27572.0,5703.0,47,077
50751.0,7724.0,47,089
14473.0,2328.0,47,153
27480.0,5441.0,47,017
646910.0,114238.0,47,037
7747.0,2216.0,47,135
11461.0,2160.0,47,121
17865.0,3744.0,47,075
185858.0,28232.0,47,125
13276.0,3718.0,47,061
34795.0,9081.0,47,029
18729.0,4152.0,47,041
11690.0,2384.0,47,101
30392.0,6399.0,47,131
60637.0,8378.0,47,167
11204.0,2643.0,16,073
21392.0,2707.0,16,013
6844.0,938.0,16,015
10944.0,1813.0,16,021
2548.0,396.0,16,023
6674.0,680.0,16,029
15038.0,2348.0,16,047
417930.0,51101.0,16,001
81426.0,14875.0,16,005
5857.0,847.0,16,007
44837.0,6008.0,16,011
107582.0,13711.0,16,019
968.0,192.0,16,025
7444.0,972.0,16,035
27010.0,3023.0,16,051
7615.0,1284.0,16,059
22263.0,4199.0,16,075
40670.0,6092.0,16,017
4139.0,852.0,16,037
25277.0,4587.0,16,039
37450.0,12226.0,16,065
12338.0,2208.0,16,079
10437.0,1283.0,16,081
9858.0,1508.0,16,087
18407.0,2124.0,17,067
49926.0,4899.0,17,063
106808.0,16800.0,17,091
917734.0,64677.0,17,043
6826.0,2284.0,17,003
12346.0,1564.0,17,129
108498.0,15069.0,17,099
5141824.0,856682.0,17,031
104765.0,19626.0,17,115
31329.0,4684.0,17,137
16391.0,2552.0,17,191
38111.0,2942.0,17,203
38793.0,7440.0,17,055
27736.0,6513.0,17,109
304979.0,23653.0,17,111
14601.0,1769.0,17,139
19234.0,3102.0,17,145
4053.0,604.0,17,151
261458.0,46059.0,17,163
21750.0,2810.0,17,173
190404.0,41161.0,17,019
4782.0,595.0,17,013
13329.0,1871.0,17,053
21973.0,2051.0,17,085
120780.0,6578.0,17,093
12073.0,1929.0,17,101
37466.0,6867.0,17,121
13658.0,2115.0,17,125
28265.0,4556.0,17,075
13172.0,1854.0,17,025
5295.0,860.0,17,059
33391.0,1480.0,17,133
181453.0,29991.0,17,143
2975.0,454.0,20,089
3839.0,483.0,20,093
9243.0,1404.0,20,159
4139.0,654.0,20,185
27805.0,1833.0,20,113
15763.0,1826.0,20,139
1205.0,85.0,20,071
8303.0,892.0,20,031
37419.0,8176.0,20,037
27837.0,4008.0,20,051
6180.0,890.0,20,073
20347.0,3699.0,20,099
9450.0,1413.0,20,107
501510.0,75476.0,20,173
22668.0,4285.0,20,175
4662.0,530.0,20,157
2536.0,262.0,20,065
566366.0,34189.0,20,091
107522.0,20668.0,20,045
2493.0,152.0,20,179
32131.0,3079.0,20,121
1555.0,158.0,20,199
5647.0,1014.0,20,189
3640.0,505.0,20,183
13116.0,1075.0,20,085
7548.0,662.0,20,095
9866.0,1078.0,20,131
160104.0,36409.0,20,209
20440.0,3315.0,20,021
8195.0,797.0,20,027
3009.0,325.0,20,105
22966.0,2872.0,20,191
2845.0,123.0,20,195
8716.0,1456.0,20,205
6030.0,697.0,20,123
2991.0,338.0,20,135
15297.0,2941.0,20,005
14309.0,2489.0,20,011
2567.0,282.0,20,075
73006.0,7238.0,20,103
174077.0,25190.0,20,177
2120.0,127.0,20,203
3397.0,504.0,20,019
4712.0,419.0,20,137
60894.0,8727.0,20,155
8924.0,1154.0,20,029
2866.0,318.0,20,047
4038.0,521.0,20,081
3078.0,230.0,20,165
4875.0,250.0,20,171
15820.0,3113.0,20,133
5878.0,501.0,20,143
5334.0,503.0,20,147
44280.0,5641.0,06,009
748756.0,57490.0,06,081
50446.0,7176.0,06,109
32969.0,3684.0,06,005
4280.0,509.0,08,095
650979.0,106745.0,08,031
1441.0,154.0,08,061
3523.0,634.0,08,009
5536.0,392.0,08,047
7274.0,1033.0,08,063
15086.0,2319.0,08,051
549606.0,44629.0,08,059
4643.0,425.0,08,091
6333.0,788.0,08,103
271179.0,34050.0,08,123
8169.0,1805.0,08,021
3590.0,1092.0,08,023
312998.0,11807.0,08,035
52524.0,4237.0,08,037
51998.0,5569.0,08,067
12817.0,1419.0,08,081
11337.0,2174.0,08,105
3735.0,943.0,08,011
4335.0,1479.0,08,025
552.0,21.0,08,111
1300.0,179.0,08,057
20785.0,3394.0,08,075
25729.0,4811.0,08,083
23252.0,1752.0,08,119
303247.0,40732.0,08,013
13458.0,1926.0,08,071
3510.0,597.0,08,073
23679.0,2408.0,08,107
15262.0,4786.0,08,003
9088.0,677.0,08,019
36293.0,6012.0,08,043
28342.0,4601.0,26,105
23174.0,3492.0,26,109
60081.0,10448.0,26,117
14860.0,2234.0,26,113
59873.0,9697.0,26,149
158290.0,22366.0,26,147
74367.0,12998.0,26,159
339280.0,51476.0,26,161
15083.0,2897.0,26,011
58407.0,5461.0,26,015
51380.0,7636.0,26,027
11071.0,1907.0,26,071
17234.0,1926.0,26,019
23599.0,4644.0,26,143
8027.0,1728.0,26,153
1747379.0,428189.0,26,163
41192.0,7368.0,26,023
88241.0,8649.0,26,055
149525.0,25032.0,26,075
407808.0,85283.0,26,049
22875.0,2962.0,26,009
184561.0,10972.0,26,093
24894.0,4205.0,26,069
135109.0,26515.0,45,041
64086.0,13028.0,45,059
8524.0,1672.0,45,065
113470.0,21236.0,45,077
27446.0,5464.0,45,087
30950.0,9056.0,45,089
2594.0,161.0,46,003
7142.0,555.0,46,051
5303.0,1147.0,46,123
2804.0,1106.0,46,137
6361.0,703.0,46,115
5543.0,601.0,46,009
29965.0,4949.0,46,011
6591.0,1115.0,46,047
5837.0,449.0,46,057
3200.0,1167.0,46,071
8127.0,944.0,46,033
1402.0,154.0,46,069
2271.0,287.0,46,049
6991.0,940.0,46,067
5347.0,576.0,46,129
2042.0,800.0,46,017
5401.0,997.0,46,037
2862.0,208.0,46,043
1255.0,165.0,46,063
2152.0,404.0,46,089
10030.0,2064.0,46,109
1441.0,63.0,46,119
50998.0,1903.0,46,083
11587.0,1601.0,46,079
23912.0,2873.0,46,081
27424.0,2847.0,46,029
10063.0,1028.0,46,019
4118.0,1929.0,46,031
3869.0,380.0,46,045
1539.0,117.0,46,021
3366.0,1286.0,46,007
2035.0,365.0,46,055
767.0,79.0,46,075
26004.0,2353.0,46,093
8091.0,837.0,46,125
37184.0,4076.0,46,013
3383.0,339.0,46,061
5448.0,566.0,46,087
2030.0,937.0,46,095
6368.0,935.0,46,101
104514.0,14402.0,46,103
14652.0,943.0,46,127
2250.0,223.0,46,097
53167.0,8437.0,47,031
38606.0,5774.0,47,047
6446.0,1757.0,47,067
55686.0,10706.0,47,073
16014.0,4313.0,47,091
33062.0,6123.0,47,103
22461.0,4167.0,47,111
6181.0,644.0,47,127
9389.0,2363.0,13,167
28081.0,4520.0,13,195
38716.0,10638.0,13,277
6318.0,1307.0,13,263
8793.0,3053.0,13,273
9210.0,1915.0,13,319
7041.0,2018.0,13,243
33166.0,9310.0,13,299
6814.0,1422.0,13,315
8908.0,2217.0,13,155
10651.0,1949.0,13,005
22502.0,6862.0,13,033
8210.0,1174.0,13,053
26005.0,6885.0,13,087
40766.0,7471.0,13,137
37088.0,6915.0,47,045
341249.0,50631.0,47,065
16420.0,2918.0,47,139
25729.0,4662.0,47,185
154203.0,25982.0,47,163
30229.0,4273.0,36,095
53059.0,8861.0,36,035
154158.0,19064.0,36,083
45272.0,8706.0,36,033
2284528.0,334149.0,36,081
59241.0,7627.0,36,115
1587909.0,279847.0,36,061
74576.0,8494.0,36,011
317915.0,46128.0,36,087
209422.0,28523.0,36,063
36118.0,3638.0,36,031
1336993.0,80282.0,36,059
17889.0,2617.0,36,097
48534.0,7468.0,36,017
111373.0,16236.0,36,045
1468054.0,106499.0,36,103
9206.0,2755.0,28,069
115269.0,21100.0,36,075
90430.0,10761.0,36,117
187230.0,32624.0,36,007
895999.0,132072.0,36,029
72922.0,12479.0,36,105
366404.0,46342.0,36,071
58984.0,9851.0,37,087
354719.0,69253.0,37,067
33946.0,9549.0,37,017
67448.0,8869.0,37,031
19070.0,3992.0,37,015
23335.0,4721.0,37,117
13381.0,2208.0,37,143
90382.0,17517.0,37,157
10228.0,1060.0,37,029
208679.0,35812.0,37,071
92016.0,13478.0,37,125
58626.0,10047.0,37,167
17413.0,3713.0,37,199
67758.0,9185.0,37,037
180110.0,26272.0,37,101
38624.0,7127.0,37,145
26548.0,5290.0,37,009
57086.0,12614.0,37,107
172250.0,23890.0,37,133
65559.0,12668.0,37,161
37484.0,7112.0,37,197
86260.0,17135.0,37,023
7648.0,637.0,38,097
4871.0,417.0,38,021
66562.0,4889.0,38,101
6932.0,415.0,38,067
2480.0,207.0,38,041
162103.0,19089.0,38,017
3371.0,403.0,38,029
15133.0,1501.0,38,077
4751.0,674.0,20,007
2799.0,373.0,20,039
18503.0,1690.0,20,087
35687.0,6268.0,21,089
14458.0,3226.0,21,069
26455.0,4933.0,21,043
6511.0,2210.0,21,063
744185.0,119158.0,21,111
13776.0,2260.0,21,123
16901.0,3446.0,21,161
23112.0,3723.0,26,101
9182.0,1496.0,26,119
25080.0,5099.0,26,051
40190.0,9084.0,26,107
62778.0,10403.0,26,103
22834.0,5172.0,26,133
23759.0,3365.0,26,137
25231.0,4704.0,26,031
5424.0,1140.0,26,095
851588.0,102536.0,26,099
67788.0,9649.0,26,155
6298.0,947.0,26,013
25776.0,3208.0,26,029
106752.0,11895.0,26,045
14102.0,2908.0,26,053
32474.0,3426.0,26,047
22630.0,2116.0,27,093
13884.0,1211.0,27,113
57036.0,6678.0,27,131
6288.0,577.0,27,167
4010.0,418.0,27,125
57332.0,6827.0,27,027
13718.0,1728.0,27,043
20488.0,2476.0,27,045
10496.0,1255.0,27,075
30389.0,3950.0,27,119
15365.0,1286.0,27,135
14757.0,1442.0,27,143
10855.0,1272.0,27,165
32847.0,4209.0,27,005
4958.0,562.0,27,011
24128.0,1925.0,27,015
28161.0,4468.0,27,021
45549.0,4980.0,27,049
20464.0,2363.0,27,057
9996.0,895.0,27,063
19881.0,2308.0,27,091
21312.0,3004.0,27,105
27297.0,3737.0,27,115
67017.0,7067.0,47,147
39426.0,6397.0,47,051
123743.0,16793.0,47,009
39102.0,5061.0,47,021
54897.0,13110.0,47,019
22619.0,4578.0,47,057
28206.0,4721.0,47,055
24331.0,6014.0,47,097
41767.0,8136.0,47,099
94517.0,18345.0,47,113
27941.0,5374.0,47,115
21754.0,4340.0,47,133
5002.0,827.0,47,137
14770.0,2796.0,47,181
204792.0,10547.0,47,187
45668.0,7423.0,47,003
66409.0,12373.0,47,059
56887.0,9075.0,47,035
5528.0,1058.0,47,175
30409.0,6771.0,47,025
22610.0,5181.0,47,081
17899.0,3308.0,47,085
71571.0,17180.0,47,141
93335.0,14285.0,47,155
13117.0,2520.0,47,161
16231.0,2911.0,47,023
11476.0,2399.0,47,039
11336.0,2835.0,47,087
25644.0,5916.0,47,109
52196.0,8449.0,47,145
99252.0,18291.0,47,011
61910.0,13112.0,47,063
18771.0,4420.0,47,173
25367.0,5634.0,47,071
50315.0,8019.0,47,043
18708.0,4415.0,47,129
44572.0,8575.0,47,123
31725.0,6151.0,47,079
14252.0,2602.0,47,033
4835.0,1413.0,47,095
436216.0,70612.0,47,093
51384.0,10012.0,47,107
30888.0,4655.0,47,117
31331.0,7160.0,47,143
21668.0,6000.0,47,151
74060.0,12747.0,47,001
17598.0,4107.0,47,049
48398.0,9039.0,47,053
22323.0,5285.0,47,069
50179.0,6767.0,47,105
284849.0,35764.0,47,149
18867.0,3050.0,47,159
123817.0,11266.0,47,189
17528.0,3687.0,47,171
19563.0,3515.0,35,027
63868.0,14196.0,35,005
66655.0,10549.0,35,025
144699.0,22507.0,35,049
3628.0,614.0,35,059
8617.0,1340.0,56,031
28993.0,2378.0,56,033
11647.0,1385.0,56,003
7231.0,441.0,56,011
28340.0,2288.0,56,029
35551.0,9070.0,56,001
14887.0,2133.0,56,007
12775.0,2031.0,56,015
20658.0,3462.0,56,041
8174.0,1198.0,56,043
4674.0,524.0,56,017
39673.0,5585.0,56,013
9984.0,775.0,56,035
6819.0,1002.0,56,045
13847.0,2788.0,13,191
25808.0,3419.0,13,207
1890.0,593.0,13,265
33977.0,4509.0,13,029
50293.0,7029.0,13,039
12279.0,2343.0,13,079
39265.0,9618.0,13,069
28572.0,5556.0,13,123
86071.0,11365.0,13,297
18992.0,4219.0,13,091
228531.0,22891.0,13,057
27997.0,3334.0,13,177
29764.0,3058.0,13,227
16887.0,4429.0,13,075
965446.0,163674.0,13,121
190811.0,35737.0,15,001
69628.0,6703.0,15,007
23040.0,3563.0,16,031
5241.0,630.0,16,063
12967.0,1606.0,16,041
199459.0,37366.0,16,027
35341.0,7929.0,16,057
8964.0,1510.0,16,009
960.0,260.0,16,033
12245.0,1475.0,16,043
15708.0,2536.0,16,049
7621.0,937.0,16,077
260745.0,34400.0,17,119
15717.0,1618.0,17,131
194579.0,29600.0,17,167
28971.0,3219.0,17,157
51376.0,5617.0,17,141
45426.0,7203.0,17,177
14004.0,1960.0,17,193
6905.0,731.0,17,071
165599.0,23485.0,17,113
15487.0,2233.0,17,149
141583.0,21375.0,17,161
11473.0,1376.0,17,185
10737.0,1747.0,17,035
520150.0,57312.0,17,089
5047.0,591.0,17,009
11757.0,1163.0,17,123
32042.0,4356.0,17,021
54979.0,15533.0,17,077
17253.0,2667.0,17,181
23958.0,5334.0,17,165
56025.0,6388.0,17,195
98753.0,18001.0,17,037
9407.0,775.0,17,079
675615.0,51976.0,17,197
19555.0,2223.0,17,041
12899.0,2250.0,17,061
4111.0,774.0,17,069
47777.0,8418.0,17,095
14623.0,2750.0,17,127
132301.0,10485.0,17,179
38857.0,5139.0,18,061
30280.0,3839.0,18,169
20843.0,3317.0,18,075
2292.0,241.0,38,001
2277.0,306.0,38,027
8500.0,634.0,38,057
5303.0,487.0,38,073
4337.0,1646.0,38,085
1843.0,175.0,38,033
2255.0,317.0,38,095
2290.0,215.0,38,023
3820.0,221.0,38,081
11181.0,2471.0,35,051
16850.0,3796.0,35,053
18386.0,4755.0,35,041
208689.0,57626.0,35,013
17799.0,904.0,35,028
39623.0,9275.0,35,039
26871.0,8093.0,35,047
73938.0,17177.0,35,061
14793.0,4604.0,35,057
666214.0,124678.0,35,001
62136.0,15439.0,35,035
25604.0,7005.0,35,006
1949.0,389.0,35,011
3828.0,542.0,35,019
3538.0,809.0,35,003
1400996.0,427715.0,36,005
449650.0,68285.0,36,067
73527.0,11865.0,36,019
31921.0,3952.0,36,099
98085.0,5061.0,36,079
62364.0,8738.0,36,043
105958.0,10898.0,36,069
96532.0,14558.0,36,101
4665.0,526.0,36,041
125837.0,24410.0,36,013
2584686.0,587518.0,36,047
49200.0,5405.0,36,107
39087.0,6089.0,36,073
220619.0,14193.0,36,091
59885.0,7605.0,36,021
26757.0,3750.0,36,049
945758.0,92600.0,36,119
44075.0,6987.0,36,025
48596.0,10014.0,36,057
467740.0,60530.0,36,085
99505.0,19107.0,36,089
90345.0,18133.0,36,109
63997.0,7079.0,36,113
45150.0,6209.0,36,023
279264.0,25562.0,36,027
725118.0,107724.0,36,055
220645.0,36789.0,36,065
172679.0,22480.0,36,111
82699.0,13179.0,36,015
58549.0,8720.0,36,051
55801.0,9106.0,36,077
44904.0,5826.0,36,039
292086.0,37749.0,36,001
42669.0,7284.0,36,003
75962.0,13265.0,36,009
66888.0,7932.0,36,053
150899.0,18055.0,36,093
58177.0,7245.0,36,037
23877.0,3319.0,36,123
19094.0,4646.0,37,079
14898.0,2688.0,37,121
14289.0,3491.0,37,041
10738.0,2089.0,37,005
,,72,009
,,72,059
,,72,079
,,72,121
,,72,027
,,72,055
,,72,091
,,72,103
,,72,125
,,72,141
,,72,015
,,72,033
,,72,115
,,72,057
,,72,049
,,72,063
,,72,017
,,72,087
,,72,061
,,72,005
,,72,053
,,72,109
,,72,117
,,72,007
,,72,021
,,72,031
,,72,035
,,72,065
,,72,069
,,72,075
,,72,101
,,72,097
,,72,133
,,72,139
,,72,047
,,72,095
,,72,111
,,72,113
,,72,131
162961.0,17560.0,18,127
20433.0,2013.0,18,147
167830.0,36513.0,18,157
301103.0,15381.0,18,057
37975.0,4728.0,18,087
61158.0,3719.0,18,011
36510.0,4635.0,18,107
112188.0,11153.0,18,019
26069.0,4358.0,18,021
22799.0,2591.0,18,047
42738.0,6317.0,18,071
25226.0,2451.0,18,129
15464.0,2077.0,18,165
359216.0,54545.0,18,003
74979.0,9050.0,18,043
144953.0,13473.0,18,081
32742.0,3610.0,18,051
19180.0,3154.0,18,117
46110.0,5351.0,18,099
12088.0,1447.0,18,009
23294.0,3267.0,18,143
197671.0,29381.0,18,039
37421.0,5640.0,18,017
64765.0,12903.0,18,177
14648.0,1289.0,19,023
14973.0,1612.0,19,079
12252.0,1585.0,19,175
7402.0,775.0,19,195
7090.0,687.0,19,001
11983.0,1073.0,19,037
16741.0,1153.0,19,059
10091.0,1296.0,19,107
16918.0,2195.0,19,171
10246.0,1509.0,19,069
18152.0,1162.0,19,031
15773.0,2219.0,19,067
11088.0,1392.0,19,115
9477.0,1286.0,19,091
21645.0,1947.0,19,183
11232.0,1321.0,19,035
39399.0,6574.0,19,057
14932.0,1454.0,19,109
42119.0,4802.0,19,139
450260.0,55972.0,19,153
99440.0,14084.0,19,193
19236.0,2653.0,19,097
34247.0,5615.0,19,111
46321.0,3402.0,19,181
24488.0,2111.0,19,149
16063.0,1907.0,19,041
17119.0,1645.0,19,055
6298.0,924.0,19,185
167853.0,20413.0,19,163
5931.0,1010.0,20,181
7556.0,756.0,20,193
5588.0,492.0,20,127
4972.0,673.0,20,163
2069.0,281.0,20,025
5646.0,771.0,20,077
31938.0,6671.0,20,111
5791.0,423.0,20,145
2216.0,235.0,46,107
38229.0,4279.0,39,021
155180.0,19929.0,39,057
60659.0,11183.0,39,087
14485.0,2936.0,39,115
21981.0,2440.0,39,175
74772.0,9584.0,39,043
44763.0,6258.0,39,091
532511.0,75894.0,39,153
48224.0,4600.0,39,149
35946.0,5176.0,39,171
101206.0,15946.0,39,029
41932.0,4688.0,39,051
29549.0,6334.0,39,053
225694.0,40823.0,39,099
73304.0,17569.0,39,145
34626.0,3816.0,39,117
40909.0,5536.0,39,135
100683.0,16228.0,39,003
41775.0,6566.0,39,033
38905.0,7722.0,39,059
40300.0,3347.0,39,107
132847.0,23792.0,39,023
294509.0,41156.0,39,093
516898.0,95684.0,39,113
215347.0,11581.0,39,165
95570.0,18735.0,39,007
44398.0,7919.0,40,071
13909.0,2458.0,40,035
127339.0,10237.0,40,017
10221.0,1957.0,40,077
20981.0,2814.0,40,139
10979.0,2414.0,40,127
10737.0,2272.0,40,069
5393.0,547.0,40,007
11993.0,2373.0,40,063
114927.0,19294.0,40,031
21906.0,6595.0,40,001
43850.0,6798.0,40,137
47619.0,7395.0,40,019
5035.0,957.0,40,055
19837.0,3757.0,40,091
13385.0,1925.0,40,099
30901.0,6957.0,40,115
75711.0,8206.0,40,145
28327.0,5883.0,40,015
65891.0,14085.0,40,101
37386.0,4312.0,36,121
43087.0,7551.0,40,013
32859.0,2732.0,51,023
16978.0,3498.0,51,520
283925.0,44086.0,17,201
16375.0,927.0,17,147
5748.0,1051.0,17,153
21722.0,6972.0,01,099
33096.0,6050.0,01,079
148121.0,34085.0,01,081
29574.0,5509.0,01,093
19122.0,4575.0,01,107
12478.0,4582.0,01,119
644879.0,116750.0,01,073
13091.0,2743.0,01,023
31191.0,6951.0,01,059
19814.0,5504.0,01,091
57669.0,12423.0,01,113
25465.0,4188.0,01,019
37016.0,7031.0,01,039
13662.0,2484.0,01,041
40895.0,14027.0,01,047
157795.0,31907.0,08,101
40360.0,7278.0,08,085
27825.0,2986.0,08,087
16285.0,1022.0,08,093
6228.0,1409.0,08,109
144701.0,23633.0,08,077
11761.0,2422.0,08,099
856.0,96.0,08,053
647099.0,73012.0,08,041
4510.0,529.0,08,121
14380.0,1523.0,08,049
611958.0,65383.0,08,005
17957.0,4154.0,08,089
62079.0,3667.0,08,014
535278.0,60817.0,10,003
207691.0,26765.0,10,005
166004.0,21866.0,10,001
624954.0,112060.0,11,001
834779.0,106796.0,09,009
183040.0,12706.0,09,005
80432.0,14137.0,37,027
152795.0,24269.0,37,035
95289.0,19866.0,37,045
100278.0,15205.0,37,049
53535.0,13750.0,37,065
55307.0,9109.0,37,077
123054.0,22461.0,37,085
50438.0,11545.0,37,093
109603.0,14559.0,37,089
4946.0,1108.0,37,095
165885.0,22114.0,37,097
996602.0,141024.0,37,119
19727.0,5616.0,37,131
168687.0,41412.0,37,147
134439.0,24142.0,37,159
43667.0,11177.0,37,181
26860.0,5247.0,37,039
24690.0,2468.0,37,053
214741.0,20772.0,37,179
67731.0,14278.0,37,193
92224.0,16057.0,37,127
35952.0,6240.0,37,003
35037.0,2885.0,37,055
19283.0,4662.0,37,185
80062.0,18043.0,37,195
11548.0,1391.0,37,073
8536.0,1650.0,37,075
20067.0,3337.0,37,115
12191.0,1773.0,37,137
19990.0,2902.0,37,149
140911.0,23757.0,37,151
45853.0,7052.0,37,169
12342.0,2916.0,37,187
10677.0,1731.0,37,043
314518.0,55235.0,37,051
496567.0,87165.0,37,081
37458.0,8646.0,37,099
37536.0,6521.0,37,139
131026.0,40313.0,37,155
13990.0,3277.0,37,173
975560.0,105133.0,37,183
24049.0,5484.0,37,007
44005.0,8814.0,37,111
61270.0,9967.0,37,069
10040.0,2285.0,37,103
33654.0,6183.0,37,113
118103.0,17992.0,37,019
32030.0,4598.0,37,175
46985.0,8215.0,37,013
54131.0,12443.0,37,047
79050.0,11907.0,37,109
26636.0,5821.0,37,123
129358.0,18713.0,37,135
44288.0,11443.0,37,153
62915.0,15207.0,37,163
71711.0,12801.0,37,171
,,72,135
,,72,137
,,72,147
,,72,151
,,72,025
,,72,029
,,72,043
,,72,051
,,72,019
,,72,129
,,72,011
,,72,039
,,72,045
,,72,073
,,72,081
,,72,119
,,72,127
,,72,145
,,72,093
1821.0,156.0,20,033
2623.0,241.0,20,063
33428.0,4180.0,20,079
5950.0,495.0,20,069
2591.0,324.0,20,017
7666.0,870.0,20,067
2759.0,264.0,20,109
22645.0,2045.0,20,149
63640.0,6171.0,20,015
54025.0,7986.0,20,169
6834.0,459.0,20,197
3126.0,726.0,20,207
3623.0,631.0,20,141
36385.0,5790.0,20,055
2336.0,254.0,20,097
5466.0,574.0,20,201
2943.0,297.0,20,129
26722.0,4137.0,20,009
7162.0,873.0,20,043
1672.0,148.0,20,101
11421.0,1243.0,20,115
9704.0,1408.0,20,013
66169.0,14347.0,20,161
18952.0,2131.0,20,041
16906.0,3259.0,21,079
88344.0,13138.0,21,037
24080.0,4857.0,21,081
26378.0,4778.0,21,141
21209.0,3846.0,21,167
84517.0,11582.0,01,115
196640.0,25551.0,01,003
102830.0,19415.0,01,069
191934.0,34470.0,01,125
50255.0,8219.0,01,031
31365.0,8074.0,01,109
14687.0,3528.0,21,225
34650.0,8615.0,21,035
95909.0,15599.0,21,059
45405.0,8696.0,21,101
13237.0,4381.0,21,109
28453.0,4426.0,21,163
59622.0,3566.0,21,185
16560.0,3875.0,21,203
20145.0,3420.0,21,003
77090.0,7904.0,21,029
5861.0,1566.0,21,075
15153.0,4784.0,21,119
30095.0,5914.0,21,177
7095.0,2896.0,21,237
26744.0,9776.0,21,013
6669.0,1484.0,21,057
6140.0,2360.0,21,129
11924.0,2606.0,21,061
8318.0,1718.0,21,023
44463.0,6185.0,21,179
18569.0,3541.0,21,155
124444.0,9856.0,21,015
30841.0,10613.0,21,121
23090.0,6889.0,21,133
61635.0,15528.0,21,195
10868.0,2476.0,51,830
29470.0,4625.0,51,035
52833.0,7569.0,51,191
23510.0,3770.0,51,139
150263.0,14688.0,51,510
131866.0,20596.0,51,650
223272.0,19528.0,51,013
22123.0,5297.0,51,027
135475.0,6880.0,51,179
206181.0,52470.0,51,760
11030.0,1477.0,51,057
41886.0,7466.0,51,185
15740.0,1364.0,51,685
6696.0,1238.0,51,183
41118.0,3557.0,51,683
23002.0,2158.0,51,775
12061.0,2979.0,51,037
8594.0,1534.0,51,081
262462.0,31605.0,53,067
3892.0,577.0,53,013
20797.0,3261.0,53,039
68020.0,11269.0,53,027
3981.0,562.0,53,069
91549.0,15441.0,53,025
748365.0,69695.0,53,061
12274.0,2254.0,54,089
34856.0,6398.0,54,025
26772.0,4386.0,54,057
16240.0,3142.0,54,041
8323.0,1545.0,54,075
26982.0,4568.0,54,083
5761.0,876.0,54,105
8970.0,2073.0,54,015
96058.0,21353.0,54,061
15841.0,3340.0,54,103
186226.0,29779.0,54,039
31082.0,4761.0,54,077
9888.0,1919.0,54,085
21423.0,5394.0,54,043
14040.0,2842.0,54,007
23407.0,6090.0,54,005
22332.0,4483.0,54,109
23052.0,5247.0,39,105
208556.0,37595.0,41,029
7110.0,1059.0,41,023
391880.0,36160.0,41,005
24878.0,3821.0,41,057
83079.0,16177.0,41,033
71825.0,12918.0,41,059
49103.0,6598.0,41,009
25173.0,3651.0,41,065
352773.0,69588.0,41,039
558379.0,61817.0,41,067
36954.0,5187.0,41,007
40715.0,5768.0,55,033
47811.0,7335.0,55,043
112101.0,9942.0,55,117
4374.0,1449.0,55,078
7034.0,1411.0,17,169
5719.0,768.0,17,175
17515.0,2845.0,17,045
15431.0,2553.0,17,005
53163.0,5908.0,17,007
33249.0,4340.0,17,011
14538.0,1663.0,17,015
48934.0,10711.0,17,029
17883.0,2192.0,17,033
21472.0,1954.0,17,083
5699.0,595.0,17,155
16059.0,1926.0,17,039
20136.0,3240.0,17,051
31655.0,3783.0,17,103
24035.0,2996.0,17,107
45358.0,5875.0,17,117
15763.0,2311.0,17,159
14111.0,1580.0,17,189
24252.0,3725.0,17,135
65315.0,8457.0,17,001
35853.0,3406.0,17,027
6496.0,760.0,17,047
36082.0,6392.0,17,081
76473.0,15093.0,17,183
65293.0,9724.0,17,199
15804.0,2576.0,17,023
33716.0,3634.0,17,049
33568.0,5232.0,17,057
8134.0,1219.0,17,065
48825.0,6019.0,17,073
10811.0,1363.0,17,087
685353.0,60664.0,17,097
34038.0,4364.0,17,105
5010.0,747.0,17,171
12873.0,1787.0,17,017
16376.0,2533.0,17,187
35106.0,4227.0,18,069
101906.0,17621.0,18,091
23872.0,2376.0,18,181
32376.0,2488.0,18,073
10103.0,1228.0,18,101
43502.0,5446.0,18,145
28084.0,2834.0,18,137
18857.0,3265.0,18,153
15258.0,1328.0,18,159
98754.0,20053.0,18,167
60346.0,5757.0,18,173
41994.0,5387.0,18,033
79013.0,9975.0,18,005
16602.0,2981.0,18,139
20178.0,2828.0,18,049
483288.0,84905.0,18,089
46561.0,5320.0,18,113
34021.0,6140.0,18,001
23216.0,4472.0,18,041
152953.0,7834.0,18,063
41491.0,3545.0,18,037
62948.0,12183.0,18,053
71249.0,5274.0,18,059
90480.0,16538.0,01,077
10474.0,3005.0,01,085
17395.0,4442.0,01,087
87161.0,12290.0,01,083
202821.0,17227.0,01,117
23500.0,4833.0,01,133
80126.0,13718.0,01,043
76191.0,10893.0,01,051
52043.0,9780.0,01,071
77517.0,16119.0,01,121
16591.0,3585.0,01,129
13106.0,2195.0,01,027
117554.0,19172.0,01,103
43301.0,8779.0,01,021
53910.0,8910.0,01,033
14345.0,2126.0,21,191
2131.0,520.0,21,201
17408.0,4606.0,21,207
17628.0,1782.0,21,215
11675.0,2060.0,21,229
11966.0,2931.0,21,011
7919.0,1298.0,21,007
42377.0,9066.0,21,009
26766.0,4381.0,21,021
10975.0,2151.0,21,087
8644.0,1481.0,21,091
27344.0,8857.0,21,095
10915.0,3538.0,21,159
104157.0,14847.0,21,093
24012.0,6049.0,21,137
9375.0,1718.0,21,149
10550.0,2749.0,21,171
23631.0,5003.0,21,183
11993.0,3115.0,21,197
12981.0,2615.0,21,233
12522.0,2647.0,21,033
15590.0,4114.0,21,045
67597.0,13719.0,21,047
25671.0,6212.0,21,085
15421.0,2661.0,21,103
45118.0,7280.0,21,107
58985.0,13475.0,21,125
30486.0,3201.0,21,157
26988.0,6777.0,21,173
6932.0,1804.0,21,181
10525.0,1858.0,21,187
49537.0,5309.0,21,209
113699.0,21838.0,21,227
19648.0,3347.0,21,017
46341.0,8795.0,21,019
8986.0,1909.0,21,055
298147.0,56444.0,21,067
22789.0,5964.0,21,115
6200.0,1495.0,21,165
11584.0,2889.0,21,175
26968.0,7394.0,21,193
62629.0,15643.0,21,199
19440.0,7961.0,21,051
17818.0,4146.0,21,001
871828.0,100830.0,09,003
259970.0,25645.0,09,011
135726.0,9223.0,09,013
923385.0,81553.0,09,001
880061.0,146252.0,12,031
23584.0,4559.0,12,007
198623.0,20243.0,12,019
7056.0,1272.0,12,067
76318.0,9702.0,12,089
924925.0,130727.0,12,103
290330.0,51945.0,12,111
37209.0,9776.0,12,051
143755.0,20302.0,12,061
1380170.0,191207.0,12,099
215608.0,19372.0,12,109
2622942.0,522143.0,12,086
101857.0,13453.0,12,035
9961.0,2060.0,12,037
10989.0,2963.0,12,047
6773.0,1147.0,12,077
104106.0,10343.0,12,119
43187.0,11042.0,12,039
17593.0,4571.0,12,059
670684.0,104219.0,12,071
330812.0,60266.0,12,083
344693.0,45375.0,12,021
36016.0,9105.0,12,093
480261.0,65101.0,12,101
97459.0,18889.0,12,055
41932.0,9536.0,12,121
33164.0,9920.0,12,027
12400.0,1623.0,12,013
63169.0,12229.0,12,023
14446.0,3109.0,12,029
70824.0,19120.0,12,107
9967.0,2232.0,12,125
349305.0,50094.0,12,081
39046.0,8652.0,12,075
24423.0,4522.0,12,003
500851.0,83660.0,12,127
272572.0,58148.0,12,073
16519.0,4703.0,12,079
88936.0,6382.0,27,141
13430.0,2081.0,27,159
38792.0,5220.0,27,009
96212.0,3957.0,27,019
30218.0,3383.0,27,047
44263.0,5886.0,27,061
35461.0,2885.0,27,085
10755.0,1026.0,27,121
517710.0,82252.0,27,123
9391.0,1637.0,27,149
9341.0,1155.0,27,151
47016.0,6539.0,27,169
11264.0,1802.0,27,033
137786.0,7905.0,27,139
20228.0,1341.0,27,039
21125.0,1399.0,27,157
9072.0,1155.0,27,117
15030.0,2509.0,37,011
243785.0,35996.0,37,021
190605.0,22324.0,37,025
22161.0,4888.0,37,033
41186.0,5735.0,37,059
161417.0,26221.0,37,057
58308.0,16106.0,37,061
281786.0,48907.0,37,063
21386.0,5217.0,37,091
58358.0,10673.0,37,105
210024.0,37167.0,37,129
55126.0,10304.0,37,141
121371.0,26475.0,37,191
33282.0,10480.0,37,165
47235.0,14797.0,37,189
51449.0,13782.0,37,083
152236.0,28123.0,37,001
3582.0,905.0,37,177
29029.0,1961.0,38,089
4099.0,214.0,38,103
2239.0,265.0,38,013
9548.0,1122.0,38,061
30903.0,3033.0,38,105
936.0,103.0,38,007
2419.0,170.0,38,043
3764.0,198.0,38,019
2321.0,315.0,38,037
5823.0,583.0,38,049
1936.0,119.0,38,091
6770.0,2270.0,38,005
4003.0,384.0,38,045
29057.0,2521.0,38,059
4177.0,490.0,38,025
2622.0,253.0,38,051
2946.0,253.0,38,063
14301.0,4523.0,38,079
10725.0,1134.0,38,099
6321.0,569.0,38,009
10495.0,1025.0,38,003
65073.0,11507.0,38,035
10625.0,1361.0,38,053
9371.0,923.0,38,055
4193.0,766.0,38,069
2514.0,169.0,38,075
3167.0,242.0,38,011
87176.0,6745.0,38,015
1861.0,130.0,38,047
1753.0,72.0,38,065
19520.0,2108.0,38,093
11112.0,1217.0,38,071
3272.0,306.0,38,031
2214.0,161.0,38,039
1388.0,235.0,38,083
665.0,67.0,38,087
50417.0,3965.0,39,159
27729.0,5735.0,39,131
18878.0,2083.0,39,125
24448.0,6023.0,01,025
220452.0,46982.0,01,101
16923.0,2586.0,01,067
40372.0,9431.0,01,123
5544.0,426.0,02,016
7638.0,1874.0,02,188
8799.0,796.0,02,220
13510.0,1453.0,02,130
4945.0,815.0,02,070
31859.0,2365.0,02,110
5541.0,1304.0,02,290
2066.0,233.0,02,068
2106.0,260.0,02,105
2383.0,237.0,02,275
976120.0,186299.0,04,019
32972.0,7419.0,04,009
117212.0,22184.0,04,003
70874.0,25658.0,04,001
196959.0,40330.0,04,027
105589.0,31575.0,04,017
15032.0,3340.0,05,021
17490.0,4851.0,05,043
17171.0,3357.0,05,121
36681.0,6409.0,05,009
8341.0,1131.0,21,077
50258.0,7286.0,22,115
23697.0,4612.0,22,085
30683.0,6020.0,22,053
12343.0,1923.0,22,125
13597.0,3406.0,22,013
6734.0,601.0,22,023
23246.0,3990.0,22,075
44472.0,11756.0,22,117
61011.0,12579.0,22,001
243579.0,27094.0,22,103
248234.0,55675.0,22,017
116050.0,13320.0,22,005
72616.0,14437.0,22,045
10483.0,2895.0,22,091
26846.0,7097.0,22,031
134460.0,19472.0,22,063
38306.0,11401.0,22,069
9167.0,1875.0,22,025
19084.0,6017.0,22,041
14822.0,4035.0,22,049
51963.0,6522.0,22,089
4774.0,1615.0,22,107
56547.0,9447.0,23,017
12064.0,3859.0,05,041
95184.0,19639.0,05,051
59367.0,11620.0,05,115
6734.0,1622.0,05,147
14262.0,3866.0,05,067
12387.0,2925.0,05,137
40473.0,5600.0,05,005
42953.0,7621.0,05,055
19688.0,6588.0,05,107
21383.0,3738.0,05,149
13141.0,1424.0,55,011
112396.0,16675.0,55,063
133387.0,14825.0,55,073
29001.0,2804.0,55,121
83506.0,7384.0,55,027
21134.0,3098.0,55,125
79169.0,8143.0,55,071
15083.0,2402.0,55,013
27296.0,2451.0,55,029
98689.0,8497.0,55,039
7209.0,965.0,55,091
17292.0,2373.0,55,103
22939.0,2646.0,55,137
16616.0,1863.0,55,065
38196.0,4572.0,55,093
49360.0,3129.0,55,015
163058.0,24708.0,55,059
8474.0,499.0,56,019
94110.0,9812.0,56,021
22524.0,1650.0,56,039
26920.0,4627.0,48,407
39646.0,5367.0,48,459
41944.0,7986.0,48,473
45531.0,4795.0,48,493
22587.0,3540.0,48,219
153888.0,12148.0,48,329
19389.0,2672.0,48,299
30792.0,5078.0,48,147
195145.0,52652.0,48,041
19357.0,2076.0,48,165
21348.0,3359.0,48,179
81398.0,13665.0,18,067
13180.0,4411.0,21,025
36740.0,6758.0,21,083
18194.0,4398.0,21,099
12520.0,3080.0,21,031
8556.0,1539.0,21,223
18326.0,3476.0,21,097
4489.0,753.0,21,105
6913.0,1030.0,21,143
20251.0,5138.0,21,231
13361.0,3773.0,21,135
13962.0,2262.0,21,221
25197.0,3636.0,21,239
10584.0,3435.0,21,131
48819.0,9139.0,21,113
15702.0,3519.0,21,127
9234.0,1282.0,21,139
63875.0,11342.0,21,145
43577.0,5600.0,21,211
34003.0,9191.0,21,235
62503.0,6531.0,27,035
6491.0,761.0,27,107
128708.0,7150.0,27,171
30865.0,3655.0,27,103
36269.0,3141.0,27,041
5877.0,676.0,27,051
27367.0,2339.0,27,079
52467.0,3137.0,27,025
15245.0,1767.0,27,127
24053.0,3253.0,27,153
43159.0,8247.0,27,007
18517.0,1910.0,27,055
6783.0,574.0,27,073
56734.0,5497.0,27,111
17757.0,1387.0,27,161
337908.0,24864.0,27,003
146377.0,19983.0,27,145
5620.0,652.0,27,081
24497.0,3396.0,27,083
25218.0,2970.0,27,095
244976.0,12496.0,27,163
34478.0,4507.0,27,017
15741.0,2130.0,27,065
4085.0,664.0,30,071
580.0,94.0,31,009
1893.0,198.0,31,049
803.0,95.0,31,113
5013.0,603.0,31,169
29708.0,3314.0,31,001
5250.0,394.0,31,011
1353.0,141.0,31,149
3027.0,402.0,31,163
6339.0,603.0,31,093
1937.0,112.0,31,073
170421.0,10597.0,31,153
1966.0,246.0,31,015
5439.0,551.0,31,059
641.0,104.0,31,091
15652.0,1413.0,31,159
3540.0,367.0,31,181
8012.0,697.0,31,023
437.0,35.0,31,005
787878.0,140334.0,39,061
1203356.0,205186.0,39,049
59109.0,10299.0,39,101
91235.0,12379.0,39,157
111893.0,14207.0,39,169
43108.0,7179.0,39,015
361674.0,49134.0,39,017
15238.0,2756.0,39,067
57551.0,8958.0,39,083
165642.0,20814.0,39,089
113957.0,18849.0,39,139
13019.0,2767.0,39,163
27717.0,3873.0,39,019
73352.0,9877.0,39,063
199067.0,20968.0,39,025
147210.0,15010.0,39,045
37701.0,5129.0,39,039
42540.0,8822.0,39,071
27366.0,2783.0,39,069
65132.0,11208.0,39,081
154946.0,23293.0,39,133
33813.0,2648.0,39,137
65224.0,9839.0,39,013
40597.0,6169.0,39,027
28041.0,5207.0,39,047
35496.0,7322.0,39,127
52003.0,6324.0,39,129
38280.0,4061.0,39,097
83591.0,14564.0,39,119
58761.0,7757.0,39,143
28019.0,3449.0,39,161
59219.0,9275.0,39,167
45200.0,3973.0,39,011
51361.0,6344.0,39,037
40377.0,4464.0,39,123
29273.0,4574.0,39,065
32206.0,7409.0,39,079
57994.0,7467.0,39,077
55368.0,17301.0,39,009
27657.0,6770.0,39,001
173981.0,11532.0,39,103
424631.0,87717.0,39,095
11815.0,1409.0,39,121
52779.0,8209.0,39,147
365197.0,51534.0,39,151
36173.0,5058.0,39,031
186236.0,9034.0,39,041
93201.0,6399.0,39,055
27997.0,4655.0,39,073
226093.0,19231.0,39,085
71189.0,13419.0,39,141
1232253.0,227740.0,39,035
42806.0,5504.0,39,075
102555.0,11374.0,39,109
14245.0,2679.0,39,111
200895.0,35115.0,39,155
122376.0,16797.0,39,173
51027.0,7859.0,39,005
4729.0,855.0,40,043
3773.0,522.0,40,059
43666.0,5382.0,40,083
19833.0,4762.0,05,019
7471.0,2139.0,05,095
24337.0,5970.0,05,103
18266.0,3587.0,05,001
27397.0,4789.0,05,015
386191.0,69467.0,05,119
63263.0,15561.0,06,033
8761.0,1483.0,06,049
17706.0,1905.0,06,027
420739.0,66880.0,06,083
168279.0,40552.0,06,025
1577618.0,189590.0,06,001
137140.0,12086.0,06,055
836561.0,104180.0,06,075
65671.0,11430.0,24,001
543203.0,33168.0,24,003
89555.0,5400.0,24,009
1018395.0,69889.0,24,031
107618.0,8440.0,24,037
31980.0,5435.0,24,019
100806.0,10729.0,24,015
211875.0,17433.0,25,001
122336.0,15136.0,25,003
495308.0,39602.0,25,023
673446.0,45372.0,25,021
10555.0,1083.0,25,019
148288.0,16078.0,26,115
44375.0,8261.0,26,059
25867.0,5136.0,26,127
30122.0,7289.0,26,035
2181.0,371.0,26,083
266865.0,26511.0,26,139
28342.0,4615.0,26,007
82000.0,10065.0,26,111
20704.0,4135.0,26,129
13552.0,2326.0,26,039
35836.0,6807.0,26,057
93420.0,13434.0,26,091
21150.0,2859.0,06,011
132716.0,28661.0,06,031
946765.0,254872.0,06,019
3094893.0,385556.0,06,059
94349.0,16535.0,06,101
701338.0,124587.0,06,077
12210.0,1369.0,08,007
6361.0,1086.0,08,055
17393.0,1673.0,08,015
56525.0,6274.0,08,045
793.0,65.0,08,079
2328.0,342.0,08,115
4304.0,772.0,08,027
475099.0,61265.0,08,001
7255.0,836.0,08,065
17442.0,1507.0,08,097
2021.0,229.0,08,017
1789.0,346.0,08,033
316186.0,41640.0,08,069
7736.0,923.0,08,113
619761.0,98682.0,40,143
50781.0,7325.0,40,147
2703.0,433.0,40,057
12722.0,2574.0,40,061
37838.0,7656.0,40,111
46397.0,6948.0,40,113
6119.0,1195.0,40,067
60789.0,7980.0,40,047
27226.0,5070.0,40,049
42556.0,7450.0,40,121
36708.0,6661.0,40,123
3709.0,473.0,40,129
20102.0,2568.0,40,153
46379.0,10380.0,40,021
40852.0,8086.0,40,041
4083.0,627.0,40,045
53157.0,6759.0,40,051
71816.0,18943.0,40,119
68033.0,12334.0,40,125
69783.0,10491.0,40,037
7247.0,1581.0,40,141
11324.0,1803.0,40,149
5921.0,956.0,40,033
8956.0,1938.0,40,075
48469.0,11061.0,40,079
32573.0,7705.0,40,089
7603.0,1031.0,40,093
40223.0,8454.0,40,097
748436.0,132442.0,40,109
27708.0,4459.0,40,039
9607.0,1219.0,40,085
21586.0,3030.0,40,009
14840.0,4230.0,40,023
25025.0,4206.0,40,065
34121.0,5125.0,40,081
16190.0,2360.0,40,117
24661.0,5615.0,40,133
2234.0,351.0,40,025
8105.0,1144.0,40,011
5661.0,1112.0,40,029
4384.0,401.0,40,053
15162.0,1279.0,40,073
36919.0,3530.0,40,087
15743.0,2613.0,40,095
11355.0,1449.0,40,103
10296.0,1941.0,40,105
88543.0,8297.0,40,131
40721.0,10157.0,40,135
4729.0,589.0,40,003
8286.0,1059.0,40,151
259817.0,32583.0,40,027
11268.0,2957.0,40,107
12229.0,2690.0,40,005
25012.0,4655.0,41,061
317223.0,54411.0,41,047
105864.0,19701.0,41,019
21504.0,4355.0,41,031
76769.0,11916.0,41,053
169770.0,23622.0,41,017
24084.0,1221.0,08,039
10003.0,1459.0,08,125
29157.0,3522.0,08,117
29039.0,4890.0,08,029
10870.0,1687.0,26,097
34341.0,7821.0,26,061
11017.0,3001.0,26,085
12768.0,1729.0,26,141
249686.0,43657.0,26,077
47209.0,8596.0,26,123
130821.0,22245.0,26,025
618991.0,92049.0,26,081
188941.0,33795.0,26,145
104690.0,16515.0,26,017
35970.0,5961.0,26,041
12641.0,2139.0,27,071
32418.0,3801.0,27,097
35963.0,3396.0,27,147
15467.0,1978.0,27,001
8303.0,761.0,27,101
41813.0,4732.0,27,067
9337.0,998.0,27,133
3305.0,305.0,27,155
1186944.0,141453.0,27,053
11875.0,1285.0,27,023
8591.0,1435.0,27,029
37939.0,2732.0,27,059
38712.0,5403.0,27,099
147717.0,13635.0,27,109
111787.0,12518.0,09,015
159157.0,11193.0,09,007
22100.0,4532.0,12,133
554061.0,77357.0,12,009
313583.0,42342.0,12,069
623485.0,110225.0,12,105
12092.0,2500.0,12,043
40794.0,9325.0,12,063
439311.0,53025.0,12,117
175670.0,27363.0,12,005
13524.0,2068.0,12,045
309282.0,60243.0,12,097
59405.0,10357.0,12,131
11542.0,1825.0,12,065
25421.0,6716.0,12,049
1223236.0,212105.0,12,095
15656.0,3730.0,12,041
241136.0,58387.0,12,001
165780.0,20511.0,12,015
150573.0,17758.0,12,085
392290.0,43281.0,12,115
137723.0,24409.0,12,017
157279.0,19331.0,12,113
1848230.0,265521.0,12,011
75673.0,9815.0,12,087
4302.0,481.0,27,069
5396.0,1209.0,27,087
9838.0,1115.0,27,173
62015.0,11323.0,27,013
3842.0,312.0,27,077
,,72,077
,,72,001
,,72,067
,,72,105
,,72,013
,,72,054
,,72,099
,,72,123
,,72,153
,,72,023
,,72,083
,,72,149
,,72,003
,,72,041
,,72,089
,,72,107
,,72,037
10497.0,1610.0,01,037
48338.0,9897.0,01,045
14889.0,3858.0,01,065
101829.0,18713.0,01,055
70108.0,13872.0,01,049
35290.0,8894.0,01,053
13922.0,3322.0,01,075
22089.0,4542.0,01,111
19977.0,5126.0,01,013
403782.0,78633.0,01,097
9058.0,3605.0,01,105
64630.0,14174.0,01,127
14726.0,2889.0,01,029
12622.0,4107.0,01,035
8534.0,3233.0,01,063
23641.0,6235.0,01,005
20603.0,3390.0,01,007
10154.0,2728.0,01,011
112690.0,22135.0,01,015
33503.0,6805.0,01,017
16548.0,2863.0,01,057
93300.0,19138.0,01,095
57099.0,9441.0,01,009
341264.0,45287.0,01,089
54598.0,6697.0,01,001
26401.0,6011.0,01,061
10799.0,3768.0,01,131
924.0,67.0,02,060
13623.0,1247.0,02,150
17373.0,4619.0,02,050
9545.0,1070.0,02,185
95949.0,7444.0,02,090
96720.0,9350.0,02,170
9600.0,2593.0,02,180
2513.0,132.0,02,100
646.0,51.0,02,282
1401.0,263.0,02,164
6906.0,941.0,02,240
292059.0,23652.0,02,020
3291.0,510.0,02,013
118638.0,20561.0,41,043
97108.0,15255.0,41,071
15504.0,2339.0,41,001
65074.0,12117.0,41,035
46070.0,8576.0,41,041
82169.0,17665.0,41,003
21215.0,3757.0,41,013
1702.0,301.0,41,055
7110.0,1166.0,41,025
26842.0,6651.0,41,045
6733.0,980.0,41,063
1345.0,272.0,41,069
11152.0,1694.0,41,049
61964.0,11213.0,41,011
60217.0,12712.0,54,055
23148.0,4154.0,54,097
8751.0,2383.0,54,101
109076.0,14436.0,54,003
43394.0,8306.0,54,019
5691.0,726.0,55,051
33857.0,5060.0,55,019
85808.0,4851.0,55,109
37048.0,3334.0,55,083
27358.0,2616.0,55,069
50243.0,5327.0,55,135
44669.0,5467.0,55,005
15980.0,2623.0,55,113
18607.0,2076.0,55,047
13479.0,1724.0,55,099
14745.0,1730.0,55,077
39972.0,5254.0,55,075
933255.0,198227.0,55,079
190071.0,23751.0,55,101
160887.0,19573.0,55,139
8871.0,1520.0,55,041
36618.0,3243.0,55,045
14013.0,2225.0,55,107
40438.0,4594.0,55,115
19022.0,3026.0,55,067
178316.0,16096.0,55,087
29955.0,4882.0,55,123
55114.0,4729.0,55,021
20255.0,1817.0,55,061
249443.0,29105.0,55,009
97556.0,14233.0,55,035
34949.0,3294.0,55,085
42842.0,4250.0,55,095
15448.0,1976.0,55,129
390212.0,20167.0,55,133
100069.0,12885.0,55,127
15654.0,2123.0,55,023
24749.0,3244.0,55,057
62383.0,6933.0,55,111
132098.0,7486.0,55,131
60576.0,6753.0,55,017
502627.0,63673.0,55,025
42435.0,6577.0,55,031
19299.0,2536.0,55,053
23415.0,2277.0,55,049
192381.0,29875.0,27,137
408652.0,29265.0,27,037
9318.0,698.0,27,089
14628.0,1533.0,27,129
5171.0,617.0,27,031
,,72,071
,,72,085
,,72,143
21515.0,2822.0,13,291
27715.0,5345.0,13,311
148725.0,15974.0,13,223
192485.0,48495.0,13,245
18808.0,4811.0,13,019
72897.0,10548.0,13,013
6708.0,2368.0,13,065
24774.0,7337.0,13,131
102552.0,20126.0,13,313
11970.0,3897.0,13,193
32488.0,2722.0,13,145
20807.0,3837.0,13,321
12422.0,3013.0,13,093
2659.0,596.0,13,307
2962.0,450.0,13,125
269919.0,48550.0,13,051
7648.0,1312.0,48,237
17537.0,2599.0,48,035
1824707.0,313406.0,48,029
3562.0,452.0,48,023
741132.0,64613.0,48,121
307830.0,41948.0,48,167
939.0,17.0,48,393
26460.0,5484.0,48,463
87816.0,17166.0,48,037
617.0,72.0,48,263
8426.0,1485.0,48,425
55046.0,6480.0,48,199
16808.0,2694.0,48,289
13983.0,2272.0,48,351
11531.0,1697.0,48,389
1124075.0,171023.0,48,453
2958.0,582.0,48,087
38752.0,9500.0,48,143
1019.0,158.0,48,345
8443.0,1545.0,48,083
45435.0,6340.0,48,325
77646.0,14593.0,48,213
48808.0,9691.0,48,277
4385.0,831.0,48,267
32336.0,4645.0,48,477
9135.0,2012.0,48,429
16960.0,1821.0,48,003
19974.0,3443.0,48,177
5692.0,1128.0,48,305
14241.0,4857.0,48,505
53430.0,6439.0,48,221
274.0,9.0,48,269
48289.0,10570.0,48,073
5153.0,1110.0,48,119
12884.0,2151.0,48,253
40957.0,8471.0,48,249
6989.0,1129.0,48,111
678108.0,55523.0,48,157
1631.0,191.0,48,235
19833.0,7371.0,48,489
11463.0,1866.0,48,115
5921.0,397.0,18,115
20799.0,3074.0,18,119
15455.0,2312.0,18,121
24908.0,4319.0,18,135
32840.0,2876.0,18,183
8574.0,1096.0,18,007
14806.0,1882.0,18,013
31884.0,4052.0,18,023
31959.0,3298.0,18,133
7153.0,681.0,18,161
27447.0,4100.0,18,175
32055.0,4329.0,18,027
48733.0,4537.0,18,029
45359.0,7349.0,18,065
35374.0,4980.0,18,083
44755.0,5771.0,18,093
123065.0,20618.0,18,095
17373.0,2561.0,18,123
12335.0,1244.0,18,125
12740.0,1710.0,18,131
32687.0,3407.0,18,151
8087.0,639.0,18,171
27226.0,3421.0,18,179
25863.0,3375.0,18,031
109183.0,23995.0,18,035
29997.0,4344.0,18,077
27615.0,4217.0,18,079
33718.0,5416.0,18,103
68196.0,8547.0,18,109
13779.0,1833.0,18,111
255940.0,43926.0,18,141
76531.0,8423.0,18,085
10330.0,2221.0,18,155
174972.0,29710.0,18,163
19790.0,2139.0,18,015
128344.0,32044.0,18,105
16330.0,2081.0,18,045
22930.0,3596.0,18,149
10447.0,2034.0,18,025
32242.0,4810.0,18,055
913255.0,187586.0,18,097
25243.0,2324.0,19,011
92676.0,11616.0,19,061
6820.0,713.0,19,071
6898.0,885.0,19,151
6078.0,802.0,19,173
7301.0,1060.0,19,177
4849.0,533.0,19,159
3752.0,368.0,19,003
5601.0,651.0,19,009
9095.0,1454.0,19,039
8638.0,1617.0,19,051
6892.0,760.0,19,093
133721.0,23911.0,19,103
7795.0,1032.0,19,135
34403.0,6033.0,19,179
32213.0,2444.0,19,167
9192.0,1364.0,19,025
20153.0,1899.0,19,027
9397.0,802.0,02,261
56295.0,6175.0,02,122
1009.0,53.0,02,230
6302.0,938.0,02,198
3166.0,294.0,02,195
7954.0,2862.0,02,158
4035348.0,666513.0,04,013
52294.0,11097.0,04,007
46131.0,10083.0,04,023
20079.0,4243.0,04,012
196049.0,37884.0,04,015
127204.0,28193.0,04,005
214690.0,31512.0,04,025
9084.0,1216.0,04,011
372918.0,61430.0,04,021
8495.0,2615.0,05,099
17025.0,3364.0,05,037
7157.0,1054.0,05,039
22375.0,5581.0,05,027
113889.0,9706.0,05,125
16696.0,3084.0,05,141
12627.0,2775.0,05,065
21652.0,2453.0,21,005
19580.0,3350.0,21,027
37559.0,11532.0,21,071
47966.0,7054.0,21,073
160721.0,21805.0,21,117
16249.0,6906.0,21,147
80892.0,17222.0,21,151
12707.0,3751.0,21,153
9866.0,2250.0,21,169
4447.0,1652.0,21,189
21275.0,5510.0,21,205
17369.0,3317.0,21,213
24121.0,6090.0,21,217
35085.0,5300.0,21,049
12255.0,2107.0,21,219
4873.0,798.0,21,039
10367.0,2698.0,21,041
10020.0,2245.0,21,053
14272.0,4326.0,21,065
19803.0,4751.0,22,083
52746.0,9103.0,22,099
12959.0,3319.0,22,127
435669.0,85171.0,22,033
21168.0,3367.0,22,003
10045.0,3973.0,22,065
21366.0,3496.0,22,093
18885.0,3590.0,22,043
431453.0,69402.0,22,051
35812.0,6815.0,22,011
121638.0,18867.0,22,015
16793.0,2885.0,22,037
43202.0,7851.0,22,095
148200.0,35652.0,22,073
128654.0,25882.0,22,079
82315.0,23007.0,22,097
123347.0,27460.0,22,105
86491.0,4786.0,55,089
67032.0,9454.0,55,097
157410.0,23215.0,55,105
20197.0,2511.0,55,119
19049.0,2420.0,55,001
14820.0,1693.0,55,007
44393.0,6192.0,55,081
72589.0,7715.0,55,141
15260.0,2347.0,55,003
4409.0,353.0,55,037
81124.0,8350.0,55,055
47968.0,3898.0,56,005
18400.0,1616.0,56,023
79013.0,8333.0,56,025
14095.0,1178.0,56,009
2170.0,296.0,56,027
44166.0,4868.0,56,037
39452.0,8158.0,47,177
121570.0,20810.0,47,179
31229.0,5962.0,47,183
15956.0,3614.0,47,005
12855.0,3050.0,47,007
39419.0,8821.0,47,013
13648.0,2208.0,47,015
8000.0,1672.0,47,083
84407.0,12413.0,47,119
42249.0,7706.0,48,373
7128.0,1124.0,48,391
52280.0,8244.0,48,467
37637.0,7014.0,48,055
12737.0,2086.0,48,487
5382.0,571.0,48,317
3590.0,630.0,48,383
8316.0,996.0,48,501
32549.0,6740.0,48,189
25352.0,5792.0,48,419
12212.0,2020.0,48,387
10143.0,1804.0,48,399
3893.0,358.0,48,435
110376.0,15267.0,48,451
89487.0,13166.0,48,469
40806.0,7228.0,48,481
117127.0,21682.0,48,485
695.0,18.0,48,033
9988.0,2161.0,48,315
56224.0,13879.0,48,323
121291.0,18877.0,48,181
10357.0,1649.0,48,297
27464.0,4916.0,48,363
12211.0,2936.0,48,255
18803.0,3038.0,48,123
13448.0,2424.0,48,059
29850.0,5736.0,48,067
119426.0,21785.0,48,183
9453.0,1561.0,48,313
282649.0,55027.0,48,303
110266.0,15160.0,48,257
38501.0,2363.0,48,259
6039.0,1330.0,48,153
6905.0,1322.0,48,017
17109.0,2329.0,48,051
348315.0,59095.0,48,355
10994.0,1174.0,48,379
3254.0,599.0,48,385
1185.0,184.0,48,431
5915.0,351.0,48,065
17956.0,2988.0,48,161
42195.0,5422.0,19,033
8929.0,950.0,19,073
16423.0,1328.0,19,083
8565.0,910.0,19,117
11568.0,675.0,19,119
51973.0,11227.0,22,101
10622.0,2551.0,22,123
21812.0,5438.0,22,111
9511.0,2391.0,22,021
5488.0,2671.0,22,035
229811.0,37976.0,22,055
31500.0,8807.0,22,039
44174.0,13916.0,22,061
43675.0,8784.0,22,087
39307.0,9693.0,22,119
24303.0,4933.0,22,121
29547.0,5465.0,22,047
8560.0,1953.0,22,081
25858.0,7441.0,22,067
371081.0,97252.0,22,071
111155.0,22457.0,22,109
193539.0,33266.0,22,019
14401.0,4367.0,22,027
37533.0,8671.0,22,009
22738.0,4186.0,22,007
22103.0,4182.0,22,077
58563.0,10150.0,22,113
95131.0,14646.0,22,057
18171.0,5794.0,22,029
13589.0,3134.0,22,059
6082.0,1228.0,30,073
151367.0,15767.0,30,111
110001.0,17671.0,30,063
40877.0,7173.0,30,081
7422.0,711.0,30,105
79802.0,11694.0,30,013
11231.0,1574.0,30,027
1061.0,71.0,30,033
4170.0,869.0,30,061
445.0,69.0,30,069
5293.0,555.0,30,077
11181.0,2493.0,30,089
1087.0,143.0,30,109
94445.0,12716.0,30,031
1933.0,295.0,30,059
10259.0,1108.0,30,009
8878.0,1508.0,30,001
93515.0,12875.0,30,029
4680.0,795.0,30,065
3413.0,542.0,31,083
12945.0,1218.0,31,185
45887.0,6252.0,31,019
10266.0,1227.0,31,037
2794.0,452.0,31,087
32115.0,2803.0,31,141
5133.0,418.0,31,143
11056.0,1544.0,31,013
2956.0,512.0,31,017
5176.0,870.0,31,161
288455.0,41105.0,31,109
4212.0,538.0,31,129
793.0,95.0,31,007
2449.0,269.0,31,063
37855.0,4411.0,48,071
321076.0,47165.0,48,027
414087.0,136809.0,48,061
18828.0,3235.0,48,117
818540.0,183925.0,48,141
6382.0,843.0,48,283
778.0,194.0,48,443
18487.0,2903.0,48,457
5529.0,951.0,48,483
8652.0,704.0,48,009
9102.0,1023.0,48,043
817554.0,267812.0,48,215
214838.0,36474.0,48,423
3753.0,851.0,48,105
4862.0,1000.0,48,207
31104.0,4646.0,48,227
4678.0,678.0,48,333
19062.0,3066.0,48,337
23157.0,3372.0,48,365
10269.0,2385.0,48,403
3034.0,413.0,48,421
6992.0,1639.0,48,437
86208.0,16281.0,48,231
12565.0,2422.0,48,063
5477.0,1096.0,48,195
145245.0,15190.0,48,187
10252.0,1575.0,48,077
4446.0,326.0,48,205
33872.0,6457.0,48,217
22421.0,4976.0,48,293
60066.0,14631.0,48,347
9752.0,1637.0,48,369
121069.0,11377.0,48,367
7139.0,1749.0,48,377
47054.0,9811.0,48,465
2248.0,535.0,48,109
150910.0,18777.0,48,135
4644.0,624.0,48,169
1253.0,66.0,48,173
23792.0,4819.0,48,185
882340.0,62651.0,48,085
84948.0,16688.0,48,005
1549.0,388.0,48,101
178216.0,28863.0,48,209
326930.0,34248.0,48,039
3205.0,481.0,48,129
47123.0,7208.0,48,013
14612.0,2572.0,48,353
2981.0,1131.0,48,229
11250.0,1873.0,48,475
64829.0,11499.0,48,203
2102.0,282.0,48,327
24440.0,2630.0,48,149
485385.0,35045.0,48,491
21616.0,3561.0,48,233
12478.0,2316.0,48,343
82650.0,12590.0,48,361
7626.0,1319.0,48,495
4389358.0,763456.0,48,201
44204.0,6346.0,48,053
25318.0,2725.0,48,171
289896.0,42672.0,12,033
173848.0,27175.0,12,053
1302724.0,213566.0,12,057
190091.0,22821.0,12,091
18580.0,2746.0,12,123
27759.0,3970.0,12,129
29697.0,6426.0,13,187
21248.0,5537.0,13,189
5731.0,1441.0,13,201
17739.0,2354.0,13,211
11329.0,1930.0,13,149
34807.0,2485.0,13,219
88450.0,26982.0,13,095
23673.0,4262.0,13,111
212389.0,25657.0,13,151
147112.0,26411.0,13,153
46753.0,12972.0,13,175
17083.0,2765.0,13,183
62777.0,14798.0,13,255
24920.0,4995.0,13,257
12583.0,3611.0,13,271
25758.0,5910.0,13,293
18925.0,4996.0,13,303
24770.0,5206.0,13,225
18881.0,3764.0,13,229
17482.0,2120.0,13,231
13701.0,3425.0,13,251
19108.0,5290.0,13,267
66549.0,12273.0,13,295
867945.0,112999.0,13,135
11757.0,2420.0,13,049
100959.0,14899.0,13,015
136800.0,20805.0,13,097
14844.0,3079.0,13,161
6732.0,2111.0,13,141
4552.0,1489.0,13,037
67495.0,14388.0,13,285
147779.0,41075.0,13,021
8526.0,2151.0,13,197
5089.0,1113.0,13,249
11265.0,2593.0,13,023
10221.0,2673.0,13,109
21496.0,5426.0,13,119
55227.0,5985.0,13,103
16894.0,3746.0,13,171
21923.0,6465.0,13,107
2095.0,538.0,13,239
13383.0,2685.0,13,159
10017.0,2827.0,13,173
61676.0,10443.0,13,179
20378.0,6085.0,13,205
8590.0,1639.0,13,253
8259.0,2504.0,13,289
40849.0,8229.0,13,233
531292.0,75422.0,31,055
7990.0,1439.0,31,147
10160.0,990.0,31,089
4731.0,739.0,31,065
13301.0,1586.0,31,151
6884.0,2168.0,31,173
19971.0,1834.0,31,177
5694.0,458.0,31,031
35607.0,4192.0,31,053
1878.0,218.0,31,069
4665.0,576.0,31,123
6577.0,713.0,31,127
675.0,65.0,31,171
20450.0,3273.0,31,043
6326.0,748.0,31,003
3940.0,387.0,31,029
6202.0,615.0,31,035
10603.0,1152.0,31,041
2997.0,392.0,31,061
8939.0,804.0,31,081
7217.0,846.0,31,095
7999.0,1023.0,31,101
542.0,54.0,31,115
2870.0,194.0,31,135
20659.0,1897.0,31,155
35615.0,4791.0,31,157
735.0,77.0,31,103
3648.0,377.0,31,105
34877.0,4200.0,31,111
6999.0,460.0,31,139
1274.0,140.0,31,165
6474.0,647.0,31,021
25095.0,1764.0,31,025
8868.0,1102.0,31,039
5695.0,675.0,31,051
1782.0,151.0,31,057
621.0,103.0,31,075
2415.0,211.0,31,077
59985.0,8894.0,31,079
1013.0,80.0,31,085
15555.0,1676.0,31,131
10476.0,1234.0,31,145
8483.0,881.0,31,027
7958.0,1272.0,31,045
4037.0,505.0,31,097
9948.0,996.0,31,033
23523.0,3585.0,31,047
1922.0,140.0,31,071
425.0,78.0,31,117
3510.0,436.0,31,125
5996.0,570.0,31,167
4166.0,533.0,31,175
23686.0,3851.0,32,001
47088.0,5148.0,32,005
4670.0,767.0,32,027
1725.0,186.0,32,011
16847.0,1997.0,32,013
8374.0,1068.0,32,033
51246.0,5401.0,32,007
2482113.0,461045.0,48,113
671.0,59.0,48,311
17986.0,2759.0,48,503
154394.0,18706.0,48,251
35310.0,6880.0,48,223
10515.0,1322.0,48,357
3658.0,536.0,48,275
234037.0,46681.0,48,309
2756.0,293.0,48,095
2015.0,156.0,48,137
17361.0,3054.0,48,133
2155.0,172.0,48,243
5194.0,1088.0,48,247
514604.0,56804.0,48,339
10741.0,2504.0,48,127
262159.0,84134.0,48,479
1841.0,177.0,48,011
7749.0,1256.0,48,069
29881.0,7110.0,48,273
38050.0,5726.0,48,097
5897.0,1177.0,48,107
3803.0,752.0,48,151
10908.0,2675.0,48,131
10766.0,1045.0,48,031
34580.0,5650.0,48,241
236737.0,47369.0,48,245
3194.0,654.0,48,271
1624.0,215.0,48,359
13308.0,2763.0,48,279
3455.0,358.0,48,295
8057.0,1484.0,48,307
4043.0,604.0,48,319
2063.0,391.0,48,125
16250.0,2402.0,48,287
1921817.0,275899.0,48,439
44321.0,7561.0,48,001
158079.0,17458.0,48,139
14368.0,1863.0,48,239
48843.0,8158.0,48,265
23879.0,3692.0,48,331
13245.0,2825.0,48,093
15439.0,3756.0,48,145
6788.0,2358.0,48,047
28783.0,4163.0,48,015
558.0,127.0,48,261
20409.0,2854.0,48,089
65904.0,9397.0,48,409
125963.0,13245.0,48,381
5170.0,930.0,48,411
3171.0,417.0,48,413
11858.0,4248.0,48,507
21614.0,3914.0,48,057
1284.0,89.0,48,155
7367.0,1246.0,48,175
7949.0,1174.0,48,193
6405.0,654.0,48,335
32039.0,6654.0,48,449
19195.0,1995.0,48,285
11566.0,1581.0,48,445
60902.0,7599.0,48,497
36289.0,7877.0,48,321
8136.0,2310.0,13,269
44017.0,9377.0,13,275
26796.0,7117.0,13,279
8234.0,1879.0,13,209
14586.0,2612.0,13,221
86594.0,14863.0,13,247
27616.0,5684.0,13,305
5046.0,1383.0,13,309
42091.0,12503.0,13,009
21400.0,2235.0,31,067
6441.0,443.0,31,099
34024.0,5071.0,31,119
8959.0,740.0,31,137
8170.0,990.0,31,179
8284.0,1036.0,31,107
7526.0,753.0,31,121
2657.0,538.0,31,133
805.0,41.0,31,183
5853.0,757.0,32,015
1061.0,126.0,32,009
4438.0,941.0,32,021
4681.0,595.0,32,017
434524.0,65024.0,32,031
52450.0,8744.0,32,510
141209.0,12150.0,33,013
59367.0,6124.0,33,001
117181.0,11875.0,33,017
621159.0,47318.0,34,025
143341.0,8358.0,34,037
773466.0,132940.0,34,013
287071.0,23257.0,34,015
498951.0,83738.0,34,031
919364.0,69119.0,34,003
105307.0,8334.0,34,041
438059.0,28440.0,34,005
24252.0,7153.0,35,029
32756.0,7168.0,35,055
12223.0,2620.0,35,007
565.0,81.0,35,021
8498.0,1638.0,35,037
10845.0,3510.0,28,103
26436.0,4158.0,28,137
34089.0,7630.0,28,107
12188.0,2630.0,28,161
27943.0,7844.0,28,029
236440.0,60356.0,28,049
27669.0,5277.0,28,145
21675.0,5103.0,28,139
72722.0,19870.0,28,035
47090.0,11902.0,28,071
58240.0,12783.0,28,087
8174.0,2913.0,28,157
11554.0,4005.0,28,065
27933.0,7412.0,28,123
23705.0,8180.0,28,163
35875.0,6891.0,05,063
9246.0,2158.0,05,079
21428.0,4071.0,05,083
17829.0,2318.0,05,053
48771.0,11991.0,05,035
17448.0,3684.0,05,047
115514.0,18590.0,05,045
10813.0,1997.0,05,109
66502.0,16959.0,05,069
16213.0,3220.0,05,089
8923.0,1677.0,05,097
10558.0,2204.0,05,127
7836.0,1619.0,05,129
125084.0,27745.0,05,131
61197.0,11491.0,05,033
242200.0,27562.0,05,007
10517.0,3252.0,05,017
31364.0,5347.0,05,059
25345.0,5418.0,05,071
8142.0,2447.0,05,077
15601.0,2823.0,05,087
11948.0,2769.0,05,049
13277.0,2605.0,05,061
43312.0,11057.0,05,093
8170.0,1617.0,05,117
39676.0,8220.0,05,139
25183.0,3901.0,05,023
8335.0,1671.0,05,025
21926.0,5861.0,05,057
16680.0,3711.0,05,135
212185.0,40272.0,05,143
20749.0,4131.0,05,003
98732.0,18682.0,05,031
42622.0,7346.0,32,023
3925.0,284.0,32,029
2043746.0,307146.0,32,003
51607.0,7876.0,32,019
71547.0,7813.0,33,005
82517.0,9687.0,33,009
297748.0,15240.0,33,015
42310.0,3812.0,33,019
396442.0,34231.0,33,011
30279.0,4042.0,33,007
46837.0,4716.0,33,003
353429.0,39606.0,34,021
142976.0,26448.0,34,011
328149.0,16924.0,34,035
578805.0,64770.0,34,029
268322.0,41469.0,34,001
803009.0,71749.0,34,023
63143.0,8692.0,34,033
93114.0,9695.0,34,009
504177.0,66882.0,34,007
543614.0,58464.0,34,039
661503.0,115156.0,34,017
121386.0,5499.0,34,019
490713.0,22483.0,34,027
4421.0,1075.0,35,023
73732.0,28089.0,35,031
137047.0,19739.0,35,043
28270.0,6086.0,35,017
49331.0,10676.0,35,009
55663.0,7638.0,35,015
4598.0,1036.0,35,033
120846.0,24871.0,35,045
8300.0,1882.0,28,009
7711.0,1442.0,28,037
24260.0,8541.0,28,027
16487.0,3641.0,28,061
66887.0,15859.0,28,067
14396.0,3724.0,28,147
35544.0,7308.0,28,095
30568.0,5517.0,28,115
17879.0,8046.0,28,051
12580.0,3519.0,28,005
100222.0,12720.0,28,089
14394.0,3791.0,28,013
25018.0,6840.0,28,091
19215.0,3581.0,28,141
20209.0,5144.0,28,153
10605.0,1914.0,28,041
34181.0,6230.0,28,093
7414.0,2799.0,28,119
53565.0,10886.0,28,109
22189.0,6013.0,28,079
28947.0,6463.0,28,099
142045.0,13568.0,28,121
48233.0,16831.0,28,151
12581.0,2736.0,28,077
12077.0,2375.0,28,111
17024.0,4623.0,28,017
13709.0,1334.0,48,371
87227.0,5380.0,48,397
129137.0,22653.0,48,441
1492.0,199.0,48,447
50218.0,12072.0,48,471
41771.0,5556.0,48,499
24230.0,4124.0,48,007
2906.0,569.0,48,079
3097.0,534.0,48,081
61471.0,8697.0,48,099
4104.0,484.0,48,211
21930.0,3908.0,48,341
114870.0,25187.0,48,375
8312.0,2213.0,48,405
3298.0,609.0,48,417
62284.0,23445.0,48,427
3413.0,695.0,48,461
36019.0,6390.0,48,049
3098.0,889.0,48,191
10454.0,1759.0,48,159
15645.0,3333.0,48,163
20097.0,2751.0,48,281
26176.0,3831.0,50,019
6935.0,519.0,50,013
150808.0,17335.0,50,007
24546.0,3148.0,50,015
48128.0,4147.0,50,011
29756.0,3686.0,50,005
42081.0,5906.0,50,025
35066.0,4692.0,50,003
34119.0,2955.0,50,001
6154.0,912.0,50,009
56694.0,6487.0,50,023
12463.0,1288.0,49,027
61353.0,4429.0,49,045
149875.0,22151.0,49,053
7131.0,642.0,49,025
38837.0,3084.0,49,043
9272.0,1579.0,49,019
1822.0,304.0,49,031
2274.0,359.0,49,033
27602.0,2441.0,49,051
6353.0,743.0,49,001
51064.0,5250.0,49,003
47072.0,10107.0,49,021
25489.0,4265.0,49,039
20494.0,2973.0,49,041
238106.0,29410.0,49,057
15129.0,4171.0,49,037
1078703.0,122608.0,49,035
629.0,30.0,49,009
2676.0,366.0,49,055
20175.0,3128.0,49,007
10621.0,434.0,49,029
115678.0,17367.0,49,005
10337.0,1470.0,49,023
70963.0,5595.0,51,095
27668.0,4710.0,51,167
30875.0,5477.0,51,173
43056.0,11153.0,51,540
3919.0,606.0,48,197
1651.0,239.0,48,045
71756.0,12448.0,48,291
73.0,12.0,48,301
16331.0,2460.0,48,395
48269.0,7945.0,48,401
14215.0,2206.0,48,455
20661.0,3409.0,48,019
5880.0,1342.0,48,075
122973.0,11356.0,48,091
19660.0,4801.0,48,225
47286.0,9418.0,48,349
15552.0,1261.0,48,415
1172.0,221.0,48,433
75916.0,10350.0,48,021
24924.0,5121.0,48,025
4692.0,550.0,48,103
57954.0,7122.0,50,021
28293.0,3477.0,50,017
54828.0,5456.0,50,027
550083.0,69019.0,49,049
19682.0,2381.0,49,013
35817.0,3406.0,49,047
327442.0,23498.0,49,011
10494.0,1258.0,49,015
4792.0,647.0,49,017
35632.0,3901.0,51,093
8274.0,1383.0,51,620
3549.0,653.0,51,678
51559.0,9776.0,51,089
16085.0,1953.0,51,101
34140.0,4086.0,51,109
18592.0,3355.0,51,147
76593.0,8888.0,51,165
6731.0,804.0,51,181
14063.0,1587.0,51,043
29943.0,5328.0,51,117
70854.0,6550.0,51,015
20754.0,1033.0,51,075
12946.0,1510.0,51,113
91359.0,7270.0,51,161
14537.0,3184.0,51,025
11745.0,2568.0,51,131
22199.0,3274.0,51,163
3921.0,1040.0,51,720
17425.0,2241.0,51,570
5728.0,555.0,51,021
9982.0,1023.0,19,189
8801.0,797.0,19,147
11705.0,1174.0,19,165
12414.0,1998.0,19,007
18469.0,2508.0,19,087
16014.0,1575.0,19,095
34808.0,3227.0,19,099
14669.0,2193.0,19,145
18418.0,1472.0,19,191
16848.0,1687.0,19,157
90729.0,10668.0,19,155
39709.0,4267.0,19,127
17456.0,1841.0,19,043
25765.0,2659.0,19,015
22987.0,1677.0,19,017
19391.0,2575.0,19,021
9172.0,1063.0,19,089
9012.0,1223.0,19,063
10561.0,1116.0,19,077
10807.0,1026.0,19,081
15431.0,1054.0,19,121
31538.0,3108.0,19,125
12649.0,1625.0,19,197
13155.0,1985.0,19,029
16945.0,3681.0,19,047
19632.0,2581.0,19,065
14020.0,1474.0,19,085
14616.0,1203.0,19,129
8799.0,1273.0,19,133
6044.0,631.0,19,143
34215.0,5362.0,19,187
85202.0,19039.0,19,169
127148.0,19605.0,19,013
12128.0,722.0,19,075
19126.0,2034.0,19,105
10521.0,970.0,19,131
10153.0,1529.0,19,137
9811.0,997.0,19,161
21677.0,3010.0,19,123
20703.0,1905.0,19,019
47000.0,6405.0,19,045
7454.0,1552.0,19,053
16075.0,2504.0,19,101
13639.0,1388.0,19,005
212566.0,19912.0,19,113
77546.0,4424.0,19,049
13812.0,1278.0,19,141
2085.0,153.0,20,187
4184.0,591.0,20,119
32790.0,6225.0,20,125
9333.0,1226.0,20,151
2518.0,204.0,20,153
7751.0,1171.0,20,003
5423.0,460.0,20,053
36013.0,4482.0,20,061
33735.0,5871.0,20,057
6937.0,1830.0,05,073
10125.0,1804.0,05,105
23685.0,5238.0,05,111
16979.0,3804.0,05,133
5057.0,969.0,05,013
10973.0,3163.0,05,011
16240.0,3840.0,05,075
20116.0,5069.0,05,113
20823.0,4482.0,05,029
7916.0,1713.0,05,101
12295.0,2384.0,05,081
70527.0,8535.0,05,085
42383.0,8749.0,05,091
23389.0,5761.0,05,123
74752.0,13201.0,05,145
258684.0,62661.0,06,047
17457.0,2849.0,06,043
72585.0,15080.0,06,115
1098165.0,111922.0,06,013
21974.0,3558.0,06,035
524616.0,95739.0,06,099
491031.0,55095.0,06,097
62205.0,13363.0,06,103
13936.0,1222.0,06,051
57696.0,6224.0,06,069
1458871.0,260877.0,06,067
181369.0,17839.0,06,017
411820.0,66289.0,06,053
2902.0,329.0,06,091
33599.0,4050.0,23,015
38117.0,6097.0,23,027
146252.0,23793.0,23,019
16712.0,3448.0,23,021
104025.0,15370.0,23,001
67386.0,11929.0,23,003
30903.0,5561.0,23,029
280499.0,31192.0,23,005
38517.0,4577.0,23,013
34853.0,3718.0,23,023
197178.0,18486.0,23,031
117239.0,17110.0,23,011
29005.0,4089.0,23,007
50530.0,9118.0,23,025
53084.0,6420.0,23,009
50731.0,5162.0,24,047
597753.0,137964.0,24,510
19254.0,4826.0,24,039
37244.0,4064.0,24,041
247472.0,19012.0,24,025
306508.0,15109.0,24,027
877560.0,84744.0,24,033
805098.0,74876.0,24,005
238673.0,16995.0,24,021
28973.0,3666.0,24,023
18284.0,2193.0,24,029
164064.0,9383.0,24,013
48190.0,3139.0,24,035
152062.0,11637.0,24,017
140705.0,18166.0,24,043
10123.0,1759.0,28,015
22826.0,4096.0,28,039
21108.0,5090.0,28,043
7083.0,2812.0,28,063
20971.0,4895.0,28,101
24205.0,5485.0,28,117
4563.0,1435.0,28,125
8149.0,1993.0,28,019
45803.0,8490.0,28,045
22443.0,4544.0,28,057
1067.0,431.0,28,055
139550.0,21818.0,28,059
29109.0,11765.0,28,083
10283.0,2925.0,28,143
8627.0,3554.0,28,021
192894.0,40538.0,28,047
75917.0,17541.0,28,075
34114.0,8687.0,28,085
26664.0,7299.0,28,127
18091.0,5113.0,28,159
18760.0,4574.0,28,007
59225.0,9535.0,28,073
84144.0,15531.0,28,081
10651.0,3002.0,28,135
16046.0,3640.0,28,129
47382.0,11252.0,28,149
16089.0,3087.0,28,023
10209.0,2913.0,28,097
44002.0,14343.0,28,105
9836.0,2110.0,28,155
36654.0,7305.0,28,003
19829.0,5159.0,28,025
19172.0,4943.0,28,031
8717.0,3706.0,28,053
267468.0,35950.0,42,043
150270.0,17504.0,42,055
35720.0,3991.0,42,119
47564.0,6034.0,42,127
48172.0,6846.0,42,009
164605.0,20071.0,42,089
40647.0,5572.0,42,061
203186.0,20471.0,42,125
1517069.0,392356.0,42,101
431103.0,45113.0,42,133
81561.0,14533.0,42,063
230275.0,19828.0,42,041
1196956.0,152390.0,42,003
351822.0,36398.0,42,129
3040.0,387.0,42,053
123045.0,18196.0,42,013
86237.0,12374.0,42,073
60869.0,7562.0,42,015
130006.0,20274.0,42,021
499329.0,35883.0,42,029
400995.0,57329.0,42,011
45694.0,6676.0,42,087
3624.0,530.0,29,129
54432.0,6799.0,51,031
318959.0,33818.0,51,087
25069.0,1395.0,51,099
10967.0,1095.0,51,103
23328.0,6080.0,51,105
8768.0,843.0,51,115
10358.0,1130.0,51,119
33692.0,3231.0,51,149
7033.0,1173.0,51,159
21621.0,4355.0,51,169
128191.0,10920.0,51,177
15212.0,2633.0,51,011
54638.0,7950.0,51,067
7140.0,1013.0,51,097
88117.0,21191.0,51,121
19455.0,970.0,51,127
9684.0,2204.0,51,049
14837.0,3196.0,51,051
34557.0,6498.0,51,083
360766.0,14313.0,51,107
438199.0,30869.0,51,153
16803.0,2475.0,51,175
2221.0,279.0,51,091
27517.0,3600.0,51,033
36750.0,2798.0,51,073
17874.0,3968.0,51,141
25669.0,1431.0,51,145
42402.0,4514.0,51,171
67622.0,4042.0,51,061
22941.0,3622.0,51,790
24844.0,1726.0,51,065
12678.0,1465.0,51,007
14186.0,5580.0,51,750
26333.0,3847.0,51,840
32588.0,6341.0,51,001
5178.0,667.0,51,045
15497.0,1832.0,51,063
16659.0,1970.0,51,071
14609.0,2899.0,51,077
14243.0,3030.0,51,135
7399.0,681.0,51,157
7056.0,1032.0,51,036
47298.0,4330.0,51,047
27568.0,4375.0,51,053
18920.0,2076.0,51,079
100228.0,6201.0,51,085
11476.0,2361.0,51,111
34151.0,3136.0,51,137
5349.0,1764.0,51,595
28854.0,4677.0,51,197
225837.0,21418.0,51,550
44594.0,14757.0,51,660
96448.0,9341.0,51,003
76365.0,7028.0,51,019
14965.0,2632.0,51,029
37171.0,7865.0,51,195
5546.0,1187.0,51,580
93094.0,16897.0,51,740
18281.0,2837.0,13,011
66315.0,20922.0,13,031
111731.0,39327.0,13,059
3012.0,1199.0,13,061
6868.0,893.0,20,167
9761.0,923.0,20,117
12430.0,1916.0,20,001
2641.0,234.0,20,023
33797.0,5546.0,20,035
2586.0,449.0,20,049
24933.0,3357.0,20,059
1883.0,108.0,20,083
97657.0,15924.0,24,045
32107.0,5484.0,24,011
723544.0,145744.0,25,025
16985.0,1544.0,25,007
1511503.0,124652.0,25,017
538921.0,67338.0,25,005
453966.0,80119.0,25,013
752929.0,84757.0,25,009
69749.0,7881.0,25,011
786695.0,89860.0,25,027
138217.0,20315.0,25,015
33922.0,5995.0,26,033
112383.0,13093.0,26,005
1224705.0,117008.0,26,125
8396.0,1096.0,26,003
165197.0,32351.0,26,121
21573.0,1872.0,26,089
86596.0,8914.0,26,087
41280.0,6476.0,26,151
64046.0,18428.0,26,073
6095.0,928.0,26,131
52754.0,8330.0,26,157
10288.0,1536.0,26,001
60091.0,8597.0,26,067
16948.0,2839.0,26,079
150742.0,26963.0,26,021
8299.0,1621.0,26,135
32380.0,6080.0,26,165
76319.0,8665.0,26,037
25454.0,3720.0,26,043
31545.0,4399.0,26,063
266085.0,59145.0,26,065
